game_id,date,home_score,away_score,home_win
778389,2025-04-09,2,1,1
778390,2025-04-09,0,5,0
778387,2025-04-09,3,4,0
778385,2025-04-09,2,6,0
778381,2025-04-09,1,2,0
778380,2025-04-09,9,0,1
778376,2025-04-09,8,6,1
778392,2025-04-09,5,6,0
778383,2025-04-09,7,6,1
778391,2025-04-09,3,2,1
778386,2025-04-09,1,2,0
778399,2025-04-09,5,4,1
778393,2025-04-09,3,4,0
778388,2025-04-09,0,4,0
778379,2025-04-09,2,17,0
778382,2025-04-10,1,11,0
778378,2025-04-10,6,1,1
778373,2025-04-10,3,2,1
778371,2025-04-10,7,2,1
778377,2025-04-10,4,3,1
778384,2025-04-10,4,2,1
778375,2025-04-11,7,0,1
778374,2025-04-11,5,3,1
778367,2025-04-11,6,3,1
778370,2025-04-11,1,9,0
778369,2025-04-11,4,7,0
778366,2025-04-11,11,1,1
778368,2025-04-11,14,3,1
778363,2025-04-11,6,7,0
778365,2025-04-11,2,0,1
778361,2025-04-11,8,0,1
778360,2025-04-11,5,3,1
778364,2025-04-11,0,7,0
778358,2025-04-11,6,7,0
778356,2025-04-11,3,0,1
778348,2025-04-12,0,4,0
778347,2025-04-12,1,4,0
778355,2025-04-12,8,4,1
778346,2025-04-12,3,1,1
778362,2025-04-12,5,4,1
778353,2025-04-12,4,5,0
778349,2025-04-12,3,2,1
778354,2025-04-12,7,6,1
778359,2025-04-12,6,3,1
778357,2025-04-12,5,2,1
778351,2025-04-12,1,4,0
778350,2025-04-12,5,4,1
778352,2025-04-12,2,0,1
778345,2025-04-12,0,16,0
778341,2025-04-12,9,2,1
778344,2025-04-13,6,7,0
778339,2025-04-13,4,5,0
778342,2025-04-13,2,4,0
778343,2025-04-13,4,0,1
778340,2025-04-13,8,3,1
778337,2025-04-13,11,4,1
778329,2025-04-13,7,3,1
778335,2025-04-13,5,1,1
778338,2025-04-13,1,3,0
778336,2025-04-13,7,0,1
778333,2025-04-13,0,8,0
778330,2025-04-13,6,0,1
778334,2025-04-13,3,1,1
778332,2025-04-13,5,2,1
778331,2025-04-13,2,4,0
778321,2025-04-14,10,3,1
778320,2025-04-14,4,10,0
778328,2025-04-14,16,1,1
778327,2025-04-14,4,1,1
778322,2025-04-14,4,8,0
778324,2025-04-14,1,5,0
778323,2025-04-14,1,9,0
778325,2025-04-14,8,3,1
778315,2025-04-14,10,4,1
778326,2025-04-14,5,3,1
778314,2025-04-15,0,3,0
778316,2025-04-15,8,4,1
778318,2025-04-15,4,10,0
778313,2025-04-15,6,4,1
778317,2025-04-15,3,6,0
778319,2025-04-15,4,7,0
778312,2025-04-15,4,2,1
778311,2025-04-15,6,3,1
778307,2025-04-15,6,3,1
778309,2025-04-15,3,12,0
778310,2025-04-15,5,0,1
778308,2025-04-15,0,2,0
778306,2025-04-15,4,0,1
778305,2025-04-15,1,2,0
778302,2025-04-15,6,2,1
778297,2025-04-16,3,1,1
778299,2025-04-16,4,3,1
778295,2025-04-16,5,1,1
778290,2025-04-16,4,1,1
778288,2025-04-16,4,2,1
778301,2025-04-16,9,1,1
778293,2025-04-16,6,1,1
778304,2025-04-16,3,5,0
778303,2025-04-16,2,6,0
778296,2025-04-16,4,11,0
778298,2025-04-16,0,1,0
778300,2025-04-16,4,3,1
778294,2025-04-16,1,3,0
778289,2025-04-16,3,1,1
778287,2025-04-16,8,7,1
778291,2025-04-17,4,6,0
778280,2025-04-17,1,0,1
778285,2025-04-17,7,11,0
778283,2025-04-17,0,8,0
778279,2025-04-17,6,4,1
778292,2025-04-17,6,2,1
778286,2025-04-17,6,1,1
778282,2025-04-17,3,6,0
778278,2025-04-17,4,1,1
778281,2025-04-17,5,3,1
778268,2025-04-18,13,11,1
778277,2025-04-18,7,3,1
778271,2025-04-18,7,10,0
778274,2025-04-18,7,2,1
778276,2025-04-18,3,8,0
778272,2025-04-18,0,1,0
778273,2025-04-18,3,1,1
778270,2025-04-18,5,4,1
778275,2025-04-18,10,3,1
778284,2025-04-18,6,4,1
778263,2025-04-18,0,3,0
778269,2025-04-18,6,4,1
778261,2025-04-18,5,3,1
778260,2025-04-18,2,0,1
778252,2025-04-19,11,10,1
778265,2025-04-19,3,1,1
778257,2025-04-19,6,2,1
778258,2025-04-19,4,8,0
778262,2025-04-19,9,5,1
778254,2025-04-19,0,3,0
778256,2025-04-19,3,0,1
778251,2025-04-19,4,3,1
778247,2025-04-19,11,12,0
778264,2025-04-19,4,3,1
778255,2025-04-19,10,8,1
778259,2025-04-19,3,2,1
778253,2025-04-19,1,3,0
778267,2025-04-19,4,3,1
778243,2025-04-19,2,3,0
778250,2025-04-20,2,24,0
778242,2025-04-20,4,5,0
778249,2025-04-20,6,2,1
778245,2025-04-20,4,8,0
778248,2025-04-20,5,7,0
778241,2025-04-20,3,8,0
778246,2025-04-20,3,4,0
778244,2025-04-20,7,4,1
778240,2025-04-20,0,4,0
778239,2025-04-20,14,1,1
778236,2025-04-20,2,3,0
778234,2025-04-20,0,1,0
778235,2025-04-20,2,3,0
778266,2025-04-20,3,1,1
778232,2025-04-20,5,4,1
778237,2025-04-20,2,3,0
778238,2025-04-21,4,2,1
778227,2025-04-21,6,4,1
778228,2025-04-21,6,4,1
778230,2025-04-21,6,3,1
778225,2025-04-21,5,4,1
778233,2025-04-21,7,6,1
778231,2025-04-21,7,0,1
778226,2025-04-21,5,2,1
778218,2025-04-22,3,2,1
778221,2025-04-22,0,2,0
778219,2025-04-22,4,3,1
778222,2025-04-22,7,0,1
778224,2025-04-22,8,3,1
778223,2025-04-22,5,1,1
778229,2025-04-22,4,10,0
778215,2025-04-22,4,3,1
778220,2025-04-22,11,10,1
778216,2025-04-22,4,2,1
778217,2025-04-22,5,1,1
778211,2025-04-22,3,9,0
778212,2025-04-22,5,1,1
778210,2025-04-22,3,11,0
778213,2025-04-22,5,8,0
778214,2025-04-23,4,1,1
778209,2025-04-23,6,0,1
778203,2025-04-23,4,3,1
778208,2025-04-23,2,5,0
778206,2025-04-23,1,5,0
778204,2025-04-23,4,3,1
778207,2025-04-23,5,8,0
778205,2025-04-23,7,6,1
778200,2025-04-23,3,1,1
778201,2025-04-23,6,3,1
778202,2025-04-23,0,3,0
778199,2025-04-23,6,7,0
778198,2025-04-23,4,2,1
778197,2025-04-23,5,2,1
778189,2025-04-24,0,3,0
778196,2025-04-24,3,4,0
778190,2025-04-24,7,4,1
778195,2025-04-24,6,2,1
778194,2025-04-24,6,5,1
778193,2025-04-24,1,2,0
778191,2025-04-24,4,3,1
778188,2025-04-24,4,7,0
778192,2025-04-24,4,3,1
778182,2025-04-25,4,0,1
778183,2025-04-25,5,4,1
778185,2025-04-25,2,4,0
778187,2025-04-25,2,0,1
778186,2025-04-25,11,4,1
778184,2025-04-25,3,2,1
778181,2025-04-25,7,8,0
778172,2025-04-25,0,1,0
778177,2025-04-25,2,8,0
778175,2025-04-25,4,8,0
778178,2025-04-25,6,5,1
778176,2025-04-25,0,3,0
778171,2025-04-25,0,2,0
778179,2025-04-26,5,4,1
778169,2025-04-26,3,7,0
778168,2025-04-26,4,3,1
778180,2025-04-26,6,2,1
778166,2025-04-26,5,1,1
778164,2025-04-26,6,5,1
778161,2025-04-26,4,6,0
778173,2025-04-26,0,2,0
778159,2025-04-26,3,2,1
778174,2025-04-26,4,10,0
778165,2025-04-26,3,10,0
778167,2025-04-26,2,0,1
778162,2025-04-26,7,8,0
778160,2025-04-26,1,4,0
778163,2025-04-26,8,4,1
778154,2025-04-26,14,0,1
778153,2025-04-27,8,7,1
778156,2025-04-27,11,2,1
778170,2025-04-27,5,1,1
778157,2025-04-27,3,13,0
778155,2025-04-27,7,0,1
778144,2025-04-27,5,0,1
778152,2025-04-27,3,7,0
778150,2025-04-27,1,7,0
778148,2025-04-27,1,8,0
778151,2025-04-27,3,2,1
778149,2025-04-27,3,2,1
778145,2025-04-27,9,2,1
778146,2025-04-27,2,4,0
778147,2025-04-27,6,4,1
778136,2025-04-27,7,6,1
778158,2025-04-27,1,3,0
778138,2025-04-28,5,19,0
778139,2025-04-28,1,11,0
778140,2025-04-28,4,3,1
778141,2025-04-28,3,1,1
778143,2025-04-28,1,2,0
778142,2025-04-28,8,5,1
778137,2025-04-28,3,6,0
778132,2025-04-28,7,6,1
778129,2025-04-29,2,1,1
778133,2025-04-29,3,15,0
778135,2025-04-29,0,9,0
778131,2025-04-29,7,6,1
778128,2025-04-29,1,3,0
778127,2025-04-29,2,10,0
778130,2025-04-29,8,3,1
778125,2025-04-29,2,7,0
778122,2025-04-29,15,2,1
778124,2025-04-29,6,4,1
778120,2025-04-29,2,8,0
778121,2025-04-29,5,3,1
778126,2025-04-29,7,4,1
778123,2025-04-29,15,2,1
778134,2025-04-30,0,6,0
778119,2025-04-30,1,9,0
778110,2025-04-30,4,7,0
778102,2025-04-30,2,1,1
778109,2025-04-30,12,7,1
778104,2025-04-30,9,3,1
778105,2025-04-30,5,3,1
778116,2025-04-30,4,2,1
778115,2025-04-30,5,4,1
778112,2025-04-30,4,3,1
778118,2025-04-30,7,2,1
778113,2025-04-30,0,3,0
778114,2025-04-30,7,6,1
778117,2025-04-30,3,4,0
778111,2025-04-30,4,6,0
778106,2025-04-30,1,7,0
778100,2025-05-01,3,8,0
778107,2025-05-01,9,1,1
778103,2025-05-01,2,4,0
778097,2025-05-01,2,8,0
778108,2025-05-01,4,3,1
778094,2025-05-01,8,0,1
778096,2025-05-01,0,3,0
778099,2025-05-01,2,4,0
778095,2025-05-01,4,2,1
778101,2025-05-01,4,10,0
778098,2025-05-01,3,4,0
778087,2025-05-02,6,1,1
778090,2025-05-02,4,9,0
778086,2025-05-02,3,2,1
778093,2025-05-02,3,0,1
778088,2025-05-02,3,0,1
778081,2025-05-02,5,3,1
778089,2025-05-02,6,1,1
778091,2025-05-02,1,6,0
778092,2025-05-02,1,2,0
778079,2025-05-02,7,3,1
778083,2025-05-02,1,13,0
778080,2025-05-02,0,10,0
778084,2025-05-02,3,9,0
778085,2025-05-02,1,9,0
778082,2025-05-02,4,0,1
778074,2025-05-03,2,3,0
778066,2025-05-03,3,8,0
778064,2025-05-03,3,5,0
778065,2025-05-03,1,2,0
778069,2025-05-03,6,3,1
778073,2025-05-03,3,4,0
778075,2025-05-03,9,6,1
778078,2025-05-03,7,2,1
778077,2025-05-03,6,11,0
778070,2025-05-03,1,2,0
778071,2025-05-03,2,6,0
778072,2025-05-03,0,4,0
778076,2025-05-03,3,10,0
778067,2025-05-03,5,2,1
778053,2025-05-04,6,5,1
778068,2025-05-04,5,4,1
778062,2025-05-04,6,11,0
778051,2025-05-04,0,4,0
778063,2025-05-04,4,5,0
778057,2025-05-04,5,7,0
778056,2025-05-04,4,5,0
778061,2025-05-04,2,3,0
778059,2025-05-04,9,11,0
778055,2025-05-04,5,4,1
778054,2025-05-04,4,0,1
778052,2025-05-04,8,1,1
778048,2025-05-04,9,3,1
778050,2025-05-04,1,13,0
778058,2025-05-04,1,4,0
778060,2025-05-04,4,3,1
778047,2025-05-05,4,7,0
778045,2025-05-05,3,4,0
778049,2025-05-05,4,0,1
778044,2025-05-05,9,2,1
778043,2025-05-05,3,0,1
778042,2025-05-05,5,1,1
778036,2025-05-05,6,3,1
778039,2025-05-05,4,5,0
778038,2025-05-05,7,6,1
778026,2025-05-06,10,9,1
778046,2025-05-06,1,9,0
778035,2025-05-06,5,4,1
778037,2025-05-06,1,6,0
778040,2025-05-06,4,8,0
778041,2025-05-06,12,3,1
778034,2025-05-06,2,1,1
778027,2025-05-06,5,14,0
778028,2025-05-06,9,1,1
778033,2025-05-06,4,3,1
778031,2025-05-06,4,3,1
778030,2025-05-06,2,1,1
778025,2025-05-06,8,3,1
778032,2025-05-06,5,1,1
778024,2025-05-06,3,5,0
778022,2025-05-07,6,8,0
778015,2025-05-07,1,9,0
778016,2025-05-07,5,0,1
778020,2025-05-07,1,3,0
778010,2025-05-07,5,6,0
778014,2025-05-07,1,7,0
778017,2025-05-07,1,10,0
778018,2025-05-07,6,4,1
778021,2025-05-07,0,7,0
778019,2025-05-07,4,3,1
778023,2025-05-07,3,4,0
778011,2025-05-07,5,2,1
778012,2025-05-07,2,1,1
778013,2025-05-07,6,8,0
778009,2025-05-07,5,4,1
778007,2025-05-08,5,2,1
778006,2025-05-08,5,0,1
778008,2025-05-08,10,0,1
778004,2025-05-08,2,10,0
778029,2025-05-08,1,11,0
778005,2025-05-08,6,7,0
778003,2025-05-08,5,4,1
778000,2025-05-08,5,8,0
777999,2025-05-08,5,3,1
777996,2025-05-09,2,1,1
777998,2025-05-09,3,2,1
777995,2025-05-09,0,10,0
778002,2025-05-09,4,3,1
778001,2025-05-09,7,2,1
777997,2025-05-09,6,0,1
777990,2025-05-09,2,1,1
777991,2025-05-09,6,2,1
777989,2025-05-09,3,0,1
777992,2025-05-09,3,1,1
777993,2025-05-09,9,13,0
777986,2025-05-09,1,4,0
777988,2025-05-09,11,14,0
777984,2025-05-09,3,6,0
777994,2025-05-09,2,10,0
777980,2025-05-10,2,4,0
777985,2025-05-10,2,3,0
777972,2025-05-10,11,7,1
777981,2025-05-10,3,2,1
777987,2025-05-10,3,10,0
777983,2025-05-10,1,7,0
777979,2025-05-10,9,13,0
777977,2025-05-10,1,10,0
777978,2025-05-10,1,3,0
777982,2025-05-10,5,6,0
777974,2025-05-10,2,1,1
777975,2025-05-10,3,0,1
777976,2025-05-10,0,21,0
777973,2025-05-10,5,2,1
777970,2025-05-10,3,6,0
777968,2025-05-11,6,2,1
777962,2025-05-11,1,6,0
777967,2025-05-11,4,3,1
777969,2025-05-11,1,6,0
777964,2025-05-11,2,4,0
777963,2025-05-11,6,0,1
777965,2025-05-11,1,3,0
777956,2025-05-11,7,6,1
777966,2025-05-11,4,2,1
777955,2025-05-11,9,3,1
777957,2025-05-11,2,12,0
777961,2025-05-11,3,7,0
777954,2025-05-11,1,8,0
777958,2025-05-11,1,9,0
777971,2025-05-11,0,3,0
777960,2025-05-12,5,0,1
777951,2025-05-12,14,2,1
777953,2025-05-12,2,3,0
777950,2025-05-12,4,3,1
777959,2025-05-12,4,3,1
777952,2025-05-12,5,2,1
777949,2025-05-12,2,1,1
777948,2025-05-12,5,7,0
777947,2025-05-12,5,9,0
777941,2025-05-12,5,11,0
777939,2025-05-12,1,2,0
777944,2025-05-13,2,0,1
777940,2025-05-13,10,9,1
777945,2025-05-13,1,5,0
777935,2025-05-13,9,11,0
777943,2025-05-13,2,1,1
777942,2025-05-13,5,2,1
777936,2025-05-13,5,4,1
777934,2025-05-13,4,1,1
777931,2025-05-13,2,1,1
777932,2025-05-13,6,4,1
777926,2025-05-13,2,1,1
777930,2025-05-13,10,6,1
777937,2025-05-13,1,11,0
777924,2025-05-14,3,6,0
777938,2025-05-14,6,8,0
777922,2025-05-14,2,1,1
777933,2025-05-14,7,14,0
777925,2025-05-14,5,9,0
777916,2025-05-14,7,8,0
777915,2025-05-14,2,3,0
777927,2025-05-14,6,5,1
777923,2025-05-14,3,1,1
777919,2025-05-14,0,4,0
777928,2025-05-14,2,4,0
777929,2025-05-14,4,5,0
777921,2025-05-14,1,3,0
777918,2025-05-14,8,3,1
777920,2025-05-14,4,3,1
777914,2025-05-14,5,1,1
777917,2025-05-14,9,3,1
777909,2025-05-15,5,2,1
777911,2025-05-15,0,4,0
777912,2025-05-15,7,1,1
777913,2025-05-15,3,8,0
777910,2025-05-15,1,0,1
777946,2025-05-15,19,2,1
777900,2025-05-16,13,3,1
777902,2025-05-16,5,4,1
777905,2025-05-16,8,4,1
777907,2025-05-16,3,4,0
777904,2025-05-16,6,2,1
777906,2025-05-16,4,5,0
777908,2025-05-16,2,4,0
777903,2025-05-16,9,4,1
777901,2025-05-16,3,10,0
777895,2025-05-16,3,6,0
777898,2025-05-16,0,3,0
777897,2025-05-16,8,0,1
777896,2025-05-16,1,5,0
777899,2025-05-16,2,6,0
777891,2025-05-16,9,1,1
777888,2025-05-17,2,3,0
777881,2025-05-17,7,3,1
777886,2025-05-17,2,1,1
777890,2025-05-17,6,10,0
777889,2025-05-17,0,4,0
777894,2025-05-17,5,2,1
777892,2025-05-17,4,1,1
777882,2025-05-17,5,1,1
777885,2025-05-17,0,1,0
777893,2025-05-17,7,6,1
777883,2025-05-17,0,7,0
777887,2025-05-17,12,14,0
777875,2025-05-17,1,4,0
777879,2025-05-17,1,0,1
777884,2025-05-17,9,11,0
777869,2025-05-18,3,4,0
777873,2025-05-18,4,10,0
777880,2025-05-18,1,0,1
777876,2025-05-18,4,10,0
777871,2025-05-18,2,3,0
777874,2025-05-18,3,1,1
777877,2025-05-18,5,1,1
777864,2025-05-18,2,1,1
777865,2025-05-18,5,2,1
777872,2025-05-18,6,2,1
777867,2025-05-18,3,2,1
777870,2025-05-18,1,0,1
777866,2025-05-18,4,6,0
777868,2025-05-18,1,6,0
777878,2025-05-18,8,2,1
777859,2025-05-19,1,7,0
777863,2025-05-19,8,7,1
777856,2025-05-19,3,1,1
777858,2025-05-19,3,4,0
777861,2025-05-19,6,5,1
777857,2025-05-19,1,5,0
777860,2025-05-19,5,4,1
777862,2025-05-19,11,4,1
777852,2025-05-19,3,9,0
777855,2025-05-19,1,3,0
777853,2025-05-19,3,4,0
777854,2025-05-19,5,9,0
777847,2025-05-20,1,0,1
777850,2025-05-20,1,14,0
777851,2025-05-20,2,0,1
777841,2025-05-20,5,3,1
777848,2025-05-20,3,2,1
777849,2025-05-20,5,2,1
777845,2025-05-20,3,0,1
777846,2025-05-20,1,0,1
777844,2025-05-20,5,2,1
777840,2025-05-20,4,5,0
777842,2025-05-20,4,7,0
777836,2025-05-20,3,2,1
777843,2025-05-20,5,7,0
777838,2025-05-20,4,3,1
777834,2025-05-21,3,1,1
777832,2025-05-21,8,4,1
777861,2025-05-21,6,5,1
777833,2025-05-21,1,2,0
777826,2025-05-21,4,8,0
777827,2025-05-21,1,5,0
777830,2025-05-21,5,6,0
777819,2025-05-21,4,8,0
777829,2025-05-21,1,5,0
777831,2025-05-21,1,5,0
777835,2025-05-21,4,3,1
777837,2025-05-21,14,0,1
777823,2025-05-21,5,9,0
777828,2025-05-21,5,10,0
777824,2025-05-21,3,1,1
777818,2025-05-22,1,0,1
777816,2025-05-22,7,6,1
777817,2025-05-22,0,2,0
777812,2025-05-22,5,10,0
777821,2025-05-22,0,7,0
777814,2025-05-22,5,8,0
777820,2025-05-22,8,7,1
777822,2025-05-22,9,2,1
777815,2025-05-23,19,5,1
777811,2025-05-23,6,13,0
777806,2025-05-23,6,5,1
777801,2025-05-23,0,4,0
777810,2025-05-23,3,1,1
777807,2025-05-23,1,3,0
777808,2025-05-23,5,7,0
777813,2025-05-23,1,2,0
777805,2025-05-23,4,1,1
777800,2025-05-23,3,5,0
777799,2025-05-23,3,1,1
777797,2025-05-23,4,3,1
777802,2025-05-23,3,2,1
777798,2025-05-23,7,4,1
777804,2025-05-23,3,4,0
777809,2025-05-24,6,5,1
777790,2025-05-24,1,2,0
777788,2025-05-24,5,4,1
777786,2025-05-24,6,5,1
777793,2025-05-24,3,0,1
777794,2025-05-24,2,1,1
777791,2025-05-24,6,4,1
777787,2025-05-24,2,1,1
777803,2025-05-24,7,1,1
777792,2025-05-24,10,5,1
777782,2025-05-24,1,13,0
777795,2025-05-24,3,1,1
777796,2025-05-24,5,7,0
777789,2025-05-24,5,2,1
777784,2025-05-24,6,9,0
777781,2025-05-24,2,6,0
777780,2025-05-25,5,0,1
777785,2025-05-25,1,5,0
777778,2025-05-25,2,3,0
777776,2025-05-25,5,6,0
777779,2025-05-25,8,11,0
777775,2025-05-25,13,0,1
777774,2025-05-25,5,3,1
777772,2025-05-25,1,2,0
777777,2025-05-25,4,5,0
777766,2025-05-25,4,3,1
777768,2025-05-25,4,5,0
777765,2025-05-25,5,4,1
777767,2025-05-25,0,3,0
777783,2025-05-25,3,5,0
777773,2025-05-25,3,1,1
777770,2025-05-26,3,1,1
777764,2025-05-26,3,2,1
777757,2025-05-26,3,1,1
777771,2025-05-26,5,2,1
777759,2025-05-26,1,2,0
777760,2025-05-26,4,7,0
777758,2025-05-26,2,1,1
777769,2025-05-26,2,7,0
777762,2025-05-26,7,2,1
777761,2025-05-26,5,0,1
777756,2025-05-26,4,3,1
777763,2025-05-26,1,5,0
777753,2025-05-27,5,9,0
777754,2025-05-27,4,7,0
777755,2025-05-27,3,1,1
777748,2025-05-27,2,0,1
777746,2025-05-27,2,4,0
777749,2025-05-27,6,4,1
777750,2025-05-27,2,7,0
777747,2025-05-27,5,1,1
777751,2025-05-27,4,3,1
777741,2025-05-27,2,0,1
777752,2025-05-27,11,1,1
777745,2025-05-27,2,3,0
777744,2025-05-27,6,9,0
777743,2025-05-27,9,1,1
777742,2025-05-27,8,6,1
777739,2025-05-28,7,4,1
777738,2025-05-28,4,3,1
777732,2025-05-28,5,0,1
777737,2025-05-28,4,9,0
777736,2025-05-28,6,5,1
777734,2025-05-28,5,3,1
777729,2025-05-28,1,10,0
777726,2025-05-28,8,10,0
777740,2025-05-28,4,6,0
777733,2025-05-28,3,2,1
777731,2025-05-28,2,1,1
777724,2025-05-28,0,2,0
777728,2025-05-28,0,1,0
777730,2025-05-28,0,9,0
777735,2025-05-29,5,4,1
777723,2025-05-29,3,9,0
777727,2025-05-29,12,0,1
777725,2025-05-29,3,13,0
777722,2025-05-29,3,9,0
777712,2025-05-30,2,6,0
777720,2025-05-30,2,1,1
777715,2025-05-30,2,6,0
777716,2025-05-30,11,7,1
777721,2025-05-30,1,4,0
777718,2025-05-30,4,2,1
777717,2025-05-30,0,2,0
777719,2025-05-30,1,5,0
777709,2025-05-30,11,1,1
777711,2025-05-30,5,7,0
777714,2025-05-30,2,1,1
777710,2025-05-30,7,9,0
777707,2025-05-30,3,2,1
777713,2025-05-30,6,12,0
777708,2025-05-30,8,5,1
777704,2025-05-31,2,0,1
777701,2025-05-31,8,7,1
777697,2025-05-31,0,2,0
777699,2025-05-31,4,2,1
777702,2025-05-31,7,17,0
777703,2025-05-31,7,5,1
777694,2025-05-31,1,0,1
777700,2025-05-31,8,2,1
777693,2025-05-31,3,16,0
777706,2025-05-31,5,0,1
777705,2025-05-31,1,0,1
777695,2025-05-31,5,4,1
777698,2025-05-31,18,2,1
777691,2025-05-31,0,5,0
777696,2025-05-31,7,11,0
777678,2025-06-01,8,1,1
777692,2025-06-01,1,3,0
777684,2025-06-01,3,2,1
777688,2025-06-01,2,5,0
777685,2025-06-01,8,4,1
777683,2025-06-01,4,2,1
777686,2025-06-01,5,3,1
777689,2025-06-01,2,4,0
777677,2025-06-01,0,1,0
777690,2025-06-01,1,0,1
777687,2025-06-01,7,3,1
777679,2025-06-01,3,1,1
777680,2025-06-01,2,1,1
777681,2025-06-01,6,4,1
777682,2025-06-01,3,7,0
777673,2025-06-02,4,6,0
777670,2025-06-02,6,7,0
777671,2025-06-02,2,3,0
777674,2025-06-02,1,13,0
777676,2025-06-02,0,1,0
777669,2025-06-02,4,10,0
777675,2025-06-02,3,4,0
777663,2025-06-03,0,3,0
777666,2025-06-03,2,3,0
777659,2025-06-03,3,8,0
777664,2025-06-03,3,2,1
777665,2025-06-03,3,8,0
777667,2025-06-03,3,4,0
777668,2025-06-03,4,2,1
777672,2025-06-03,3,8,0
777662,2025-06-03,5,1,1
777661,2025-06-03,8,1,1
777660,2025-06-03,7,10,0
777655,2025-06-03,1,5,0
777656,2025-06-03,2,3,0
777658,2025-06-03,3,10,0
777657,2025-06-03,6,5,1
777652,2025-06-04,2,3,0
777647,2025-06-04,1,9,0
777649,2025-06-04,11,9,1
777648,2025-06-04,3,0,1
777650,2025-06-04,2,0,1
777653,2025-06-04,0,4,0
777651,2025-06-04,2,1,1
777654,2025-06-04,1,2,0
777646,2025-06-04,5,4,1
777639,2025-06-04,4,5,0
777645,2025-06-04,2,3,0
777641,2025-06-04,6,5,1
777643,2025-06-04,1,6,0
777638,2025-06-04,1,6,0
777640,2025-06-05,10,11,0
777642,2025-06-05,6,5,1
777635,2025-06-05,5,7,0
777634,2025-06-05,3,2,1
777637,2025-06-05,9,1,1
777636,2025-06-05,14,3,1
777628,2025-06-05,3,4,0
777633,2025-06-05,3,2,1
777631,2025-06-05,6,5,1
777630,2025-06-05,2,8,0
777632,2025-06-05,1,7,0
777644,2025-06-05,4,0,1
777629,2025-06-05,4,3,1
777625,2025-06-06,4,3,1
777621,2025-06-06,5,4,1
777624,2025-06-06,2,0,1
777627,2025-06-06,9,6,1
777623,2025-06-06,4,3,1
777626,2025-06-06,3,1,1
777622,2025-06-06,2,4,0
777618,2025-06-06,7,2,1
777615,2025-06-06,4,6,0
777617,2025-06-06,0,2,0
777620,2025-06-06,5,0,1
777616,2025-06-06,2,4,0
777614,2025-06-06,5,4,1
777613,2025-06-06,5,4,1
777619,2025-06-06,5,4,1
777609,2025-06-07,1,6,0
777623,2025-06-07,4,3,1
777600,2025-06-07,4,5,0
777601,2025-06-07,2,1,1
777610,2025-06-07,0,5,0
777607,2025-06-07,2,1,1
777598,2025-06-07,3,2,1
777612,2025-06-07,13,1,1
777608,2025-06-07,3,5,0
777606,2025-06-07,4,1,1
777611,2025-06-07,10,11,0
777605,2025-06-07,7,10,0
777597,2025-06-07,4,3,1
777603,2025-06-07,8,6,1
777604,2025-06-07,1,8,0
777599,2025-06-07,4,7,0
777592,2025-06-08,3,2,1
777586,2025-06-08,0,1,0
777596,2025-06-08,2,4,0
777595,2025-06-08,2,1,1
777602,2025-06-08,4,2,1
777594,2025-06-08,4,0,1
777591,2025-06-08,4,2,1
777585,2025-06-08,6,3,1
777590,2025-06-08,5,7,0
777582,2025-06-08,3,7,0
777583,2025-06-08,5,13,0
777588,2025-06-08,5,1,1
777587,2025-06-08,4,3,1
777589,2025-06-08,2,3,0
777593,2025-06-08,7,11,0
777580,2025-06-09,4,7,0
777574,2025-06-09,10,3,1
777578,2025-06-09,4,3,1
777584,2025-06-09,8,10,0
777575,2025-06-09,1,7,0
777581,2025-06-09,4,5,0
777576,2025-06-09,7,4,1
777579,2025-06-09,7,8,0
777577,2025-06-09,8,4,1
777573,2025-06-10,3,5,0
777569,2025-06-10,0,1,0
777566,2025-06-10,2,3,0
777571,2025-06-10,4,8,0
777570,2025-06-10,5,4,1
777565,2025-06-10,3,1,1
777557,2025-06-10,4,16,0
777572,2025-06-10,2,10,0
777568,2025-06-10,4,1,1
777558,2025-06-10,9,10,0
777567,2025-06-10,2,4,0
777563,2025-06-10,5,6,0
777564,2025-06-10,2,1,1
777560,2025-06-10,11,1,1
777559,2025-06-10,10,3,1
777552,2025-06-11,5,2,1
777553,2025-06-11,7,2,1
777549,2025-06-11,11,2,1
777554,2025-06-11,2,6,0
777545,2025-06-11,2,5,0
777548,2025-06-11,5,2,1
777542,2025-06-11,6,5,1
777543,2025-06-11,2,5,0
777562,2025-06-11,10,1,1
777555,2025-06-11,5,0,1
777561,2025-06-11,4,3,1
777556,2025-06-11,6,2,1
777551,2025-06-11,3,6,0
777550,2025-06-11,10,2,1
777547,2025-06-11,7,10,0
777544,2025-06-12,4,3,1
777533,2025-06-12,3,16,0
777534,2025-06-12,8,7,1
777540,2025-06-12,1,4,0
777536,2025-06-12,0,1,0
777532,2025-06-12,6,0,1
777541,2025-06-12,3,2,1
777546,2025-06-12,4,3,1
777526,2025-06-13,1,2,0
777531,2025-06-13,8,0,1
777530,2025-06-13,9,11,0
777539,2025-06-13,2,0,1
777538,2025-06-13,11,5,1
777528,2025-06-13,5,7,0
777537,2025-06-13,2,1,1
777535,2025-06-13,12,4,1
777524,2025-06-13,3,1,1
777529,2025-06-13,4,6,0
777527,2025-06-13,10,3,1
777525,2025-06-13,3,2,1
777521,2025-06-13,5,1,1
777520,2025-06-13,7,2,1
777522,2025-06-13,2,6,0
777514,2025-06-14,3,4,0
777517,2025-06-14,1,11,0
777513,2025-06-14,2,1,1
777519,2025-06-14,6,5,1
777509,2025-06-14,3,2,1
777508,2025-06-14,5,4,1
777511,2025-06-14,0,4,0
777518,2025-06-14,4,8,0
777510,2025-06-14,3,2,1
777523,2025-06-14,4,1,1
777512,2025-06-14,5,8,0
777515,2025-06-14,8,7,1
777516,2025-06-14,4,3,1
777507,2025-06-14,4,3,1
777506,2025-06-14,11,5,1
777505,2025-06-15,4,8,0
777501,2025-06-15,11,2,1
777499,2025-06-15,11,4,1
777504,2025-06-15,1,10,0
777503,2025-06-15,1,3,0
777500,2025-06-15,2,0,1
777502,2025-06-15,0,9,0
777496,2025-06-15,2,3,0
777494,2025-06-15,2,1,1
777492,2025-06-15,3,2,1
777497,2025-06-15,3,2,1
777493,2025-06-15,2,1,1
777491,2025-06-15,2,8,0
777495,2025-06-15,6,0,1
777498,2025-06-15,5,4,1
777483,2025-06-16,2,5,0
777488,2025-06-16,4,6,0
777487,2025-06-16,0,1,0
777484,2025-06-16,7,1,1
777486,2025-06-16,0,2,0
777485,2025-06-16,3,1,1
777490,2025-06-16,6,3,1
777481,2025-06-17,8,3,1
777475,2025-06-17,7,3,1
777480,2025-06-17,6,10,0
777476,2025-06-17,0,4,0
777479,2025-06-17,5,4,1
777478,2025-06-17,6,5,1
777489,2025-06-17,5,4,1
777477,2025-06-17,1,5,0
777467,2025-06-17,2,12,0
777468,2025-06-17,1,6,0
777482,2025-06-17,5,3,1
777473,2025-06-17,8,0,1
777472,2025-06-17,2,3,0
777469,2025-06-17,3,13,0
777471,2025-06-17,8,6,1
777453,2025-06-18,1,3,0
777465,2025-06-18,2,4,0
777461,2025-06-18,1,3,0
777466,2025-06-18,2,3,0
777462,2025-06-18,8,1,1
777474,2025-06-18,4,2,1
777470,2025-06-18,5,0,1
777463,2025-06-18,12,8,1
777460,2025-06-18,3,6,0
777454,2025-06-18,2,4,0
777456,2025-06-18,4,11,0
777457,2025-06-18,4,3,1
777452,2025-06-19,5,12,0
777445,2025-06-19,4,3,1
777449,2025-06-19,7,3,1
777451,2025-06-19,9,2,1
777464,2025-06-19,4,8,0
777447,2025-06-19,4,5,0
777458,2025-06-19,6,8,0
777450,2025-06-19,7,8,0
777443,2025-06-19,1,4,0
777448,2025-06-19,5,9,0
777440,2025-06-19,2,1,1
777444,2025-06-19,1,2,0
777455,2025-06-19,7,1,1
777446,2025-06-19,1,4,0
777441,2025-06-19,6,4,1
777442,2025-06-19,3,5,0
777436,2025-06-20,4,9,0
777432,2025-06-20,2,6,0
777431,2025-06-20,14,8,1
777438,2025-06-20,3,5,0
777435,2025-06-20,1,7,0
777439,2025-06-20,6,2,1
777433,2025-06-20,6,1,1
777437,2025-06-20,10,2,1
777434,2025-06-20,6,17,0
777430,2025-06-20,8,14,0
777428,2025-06-20,2,3,0
777426,2025-06-20,5,6,0
777429,2025-06-20,5,1,1
777427,2025-06-20,6,5,1
777425,2025-06-20,5,7,0
777420,2025-06-21,8,3,1
777422,2025-06-21,9,0,1
777412,2025-06-21,0,9,0
777415,2025-06-21,6,5,1
777419,2025-06-21,10,7,1
777418,2025-06-21,7,1,1
777417,2025-06-21,3,2,1
777421,2025-06-21,2,3,0
777424,2025-06-21,0,7,0
777413,2025-06-21,5,1,1
777423,2025-06-21,4,11,0
777410,2025-06-21,3,5,0
777414,2025-06-21,9,1,1
777411,2025-06-21,2,4,0
777416,2025-06-21,3,7,0
777406,2025-06-22,4,2,1
777409,2025-06-22,3,9,0
777404,2025-06-22,8,3,1
777408,2025-06-22,2,4,0
777402,2025-06-22,5,3,1
777401,2025-06-22,8,9,0
777407,2025-06-22,1,4,0
777403,2025-06-22,6,14,0
777399,2025-06-22,4,2,1
777400,2025-06-22,0,3,0
777395,2025-06-22,9,5,1
777397,2025-06-22,7,8,0
777398,2025-06-22,13,7,1
777396,2025-06-22,3,2,1
777405,2025-06-22,7,1,1
777394,2025-06-23,6,0,1
777389,2025-06-23,2,3,0
777390,2025-06-23,6,1,1
777388,2025-06-23,2,11,0
777393,2025-06-23,0,10,0
777391,2025-06-23,4,5,0
777392,2025-06-23,8,2,1
777381,2025-06-23,9,5,1
777382,2025-06-23,6,10,0
777380,2025-06-24,5,6,0
777386,2025-06-24,11,4,1
777384,2025-06-24,6,10,0
777387,2025-06-24,4,7,0
777385,2025-06-24,5,4,1
777378,2025-06-24,1,5,0
777375,2025-06-24,5,6,0
777383,2025-06-24,1,4,0
777374,2025-06-24,9,3,1
777373,2025-06-24,8,7,1
777377,2025-06-24,1,0,1
777379,2025-06-24,7,9,0
777376,2025-06-24,3,2,1
777372,2025-06-24,4,3,1
777364,2025-06-24,2,4,0
777370,2025-06-25,7,3,1
777361,2025-06-25,4,2,1
777362,2025-06-25,5,2,1
777360,2025-06-25,1,0,1
777365,2025-06-25,0,7,0
777371,2025-06-25,0,3,0
777368,2025-06-25,5,4,1
777369,2025-06-25,7,3,1
777367,2025-06-25,1,7,0
777359,2025-06-25,0,3,0
777363,2025-06-25,2,0,1
777357,2025-06-25,0,8,0
777366,2025-06-25,2,0,1
777358,2025-06-25,1,8,0
777355,2025-06-25,5,8,0
777351,2025-06-26,8,0,1
777354,2025-06-26,0,6,0
777356,2025-06-26,10,1,1
777353,2025-06-26,0,4,0
777350,2025-06-26,2,1,1
777348,2025-06-26,0,3,0
777344,2025-06-26,1,3,0
777347,2025-06-26,5,12,0
777352,2025-06-26,4,0,1
777341,2025-06-27,9,1,1
777343,2025-06-27,22,8,1
777337,2025-06-27,3,0,1
777346,2025-06-27,8,1,1
777349,2025-06-27,0,5,0
777345,2025-06-27,0,9,0
777334,2025-06-27,1,4,0
777342,2025-06-27,0,13,0
777338,2025-06-27,1,3,0
777340,2025-06-27,6,7,0
777336,2025-06-27,7,4,1
777335,2025-06-27,4,5,0
777339,2025-06-27,10,6,1
777331,2025-06-27,9,15,0
777332,2025-06-27,8,9,0
777326,2025-06-28,0,7,0
777324,2025-06-28,10,5,1
777325,2025-06-28,9,2,1
777330,2025-06-28,3,11,0
777322,2025-06-28,3,2,1
777319,2025-06-28,9,5,1
777328,2025-06-28,4,6,0
777329,2025-06-28,6,9,0
777323,2025-06-28,15,1,1
777327,2025-06-28,1,0,1
777318,2025-06-28,7,8,0
777321,2025-06-28,5,0,1
777320,2025-06-28,3,12,0
777333,2025-06-28,6,1,1
777315,2025-06-28,8,2,1
777309,2025-06-29,0,7,0
777313,2025-06-29,12,1,1
777317,2025-06-29,5,1,1
777310,2025-06-29,3,5,0
777316,2025-06-29,1,2,0
777307,2025-06-29,12,5,1
777312,2025-06-29,3,2,1
777308,2025-06-29,2,0,1
777304,2025-06-29,1,5,0
777311,2025-06-29,5,2,1
777301,2025-06-29,3,4,0
777302,2025-06-29,4,6,0
777305,2025-06-29,4,7,0
777303,2025-06-29,4,6,0
777314,2025-06-29,3,0,1
777306,2025-06-30,4,0,1
777299,2025-06-30,7,0,1
777295,2025-06-30,5,4,1
777300,2025-06-30,13,6,1
777296,2025-06-30,4,6,0
777292,2025-06-30,6,10,0
777297,2025-06-30,6,2,1
777291,2025-06-30,4,2,1
777283,2025-07-01,12,5,1
777288,2025-07-01,1,0,1
777293,2025-07-01,2,0,1
777286,2025-07-01,3,4,0
777294,2025-07-01,5,3,1
777298,2025-07-01,0,4,0
777287,2025-07-01,5,2,1
777282,2025-07-01,10,2,1
777285,2025-07-01,5,6,0
777281,2025-07-01,3,6,0
777278,2025-07-01,8,2,1
777280,2025-07-01,6,1,1
777271,2025-07-02,6,5,1
777272,2025-07-02,5,0,1
777284,2025-07-02,2,11,0
777265,2025-07-02,9,4,1
777273,2025-07-02,4,6,0
777290,2025-07-02,5,1,1
777289,2025-07-02,2,7,0
777276,2025-07-02,7,3,1
777294,2025-07-02,5,3,1
777275,2025-07-02,1,2,0
777274,2025-07-02,11,9,1
777277,2025-07-02,4,8,0
777279,2025-07-02,8,3,1
777266,2025-07-02,5,4,1
777268,2025-07-02,6,0,1
777269,2025-07-02,3,5,0
777262,2025-07-02,3,2,1
777270,2025-07-02,5,6,0
777267,2025-07-02,5,4,1
777263,2025-07-03,4,1,1
777264,2025-07-03,7,6,1
777258,2025-07-03,11,7,1
777260,2025-07-03,8,5,1
777257,2025-07-03,3,2,1
777261,2025-07-03,1,5,0
777259,2025-07-03,1,0,1
777256,2025-07-03,2,7,0
777251,2025-07-03,2,3,0
777253,2025-07-03,6,2,1
777245,2025-07-04,2,11,0
777255,2025-07-04,6,9,0
777246,2025-07-04,11,3,1
777250,2025-07-04,6,5,1
777236,2025-07-04,6,0,1
777247,2025-07-04,4,3,1
777239,2025-07-04,3,2,1
777242,2025-07-04,4,3,1
777249,2025-07-04,1,2,0
777254,2025-07-04,5,6,0
777252,2025-07-04,2,3,0
777243,2025-07-04,2,3,0
777235,2025-07-04,1,18,0
777248,2025-07-04,3,9,0
777244,2025-07-04,11,2,1
777230,2025-07-05,6,5,1
777229,2025-07-05,6,8,0
777231,2025-07-05,4,3,1
777228,2025-07-05,3,10,0
777233,2025-07-05,5,1,1
777234,2025-07-05,7,1,1
777237,2025-07-05,6,9,0
777241,2025-07-05,12,6,1
777238,2025-07-05,4,2,1
777240,2025-07-05,0,1,0
777221,2025-07-05,4,6,0
777232,2025-07-05,3,10,0
777223,2025-07-05,4,7,0
777227,2025-07-05,2,7,0
777225,2025-07-05,1,0,1
777222,2025-07-06,1,2,0
777213,2025-07-06,4,6,0
777217,2025-07-06,3,1,1
777214,2025-07-06,3,2,1
777226,2025-07-06,2,7,0
777216,2025-07-06,4,6,0
777224,2025-07-06,1,3,0
777220,2025-07-06,5,7,0
777215,2025-07-06,6,4,1
777218,2025-07-06,0,4,0
777206,2025-07-06,1,5,0
777205,2025-07-06,1,0,1
777219,2025-07-06,11,0,1
777207,2025-07-06,4,1,1
777210,2025-07-06,2,6,0
777211,2025-07-07,5,1,1
777209,2025-07-07,9,3,1
777208,2025-07-07,1,5,0
777204,2025-07-07,9,3,1
777212,2025-07-07,4,8,0
777201,2025-07-07,9,1,1
777202,2025-07-07,5,7,0
777200,2025-07-07,6,5,1
777203,2025-07-07,3,6,0
777199,2025-07-07,3,1,1
777198,2025-07-08,6,7,0
777195,2025-07-08,4,2,1
777187,2025-07-08,10,3,1
777196,2025-07-08,10,2,1
777197,2025-07-08,2,12,0
777194,2025-07-08,4,3,1
777190,2025-07-08,8,1,1
777188,2025-07-08,1,6,0
777193,2025-07-08,3,1,1
777191,2025-07-08,4,2,1
777192,2025-07-08,6,10,0
777180,2025-07-08,1,13,0
777185,2025-07-08,1,0,1
777186,2025-07-08,4,3,1
777189,2025-07-08,10,1,1
777172,2025-07-09,2,1,1
777175,2025-07-09,3,2,1
777163,2025-07-09,0,13,0
777182,2025-07-09,3,7,0
777184,2025-07-09,9,6,1
777179,2025-07-09,10,2,1
777183,2025-07-09,7,2,1
777177,2025-07-09,4,3,1
777173,2025-07-09,4,2,1
777178,2025-07-09,2,8,0
777174,2025-07-09,2,4,0
777171,2025-07-09,11,8,1
777162,2025-07-09,2,8,0
777176,2025-07-09,2,9,0
777165,2025-07-10,3,1,1
777181,2025-07-10,7,3,1
777166,2025-07-10,1,8,0
777168,2025-07-10,6,0,1
777169,2025-07-10,6,5,1
777170,2025-07-10,4,3,1
777167,2025-07-10,8,1,1
777156,2025-07-10,5,4,1
777159,2025-07-10,4,11,0
777158,2025-07-10,4,3,1
777164,2025-07-11,2,4,0
777146,2025-07-11,5,4,1
777157,2025-07-11,5,2,1
777153,2025-07-11,11,0,1
777160,2025-07-11,2,3,0
777161,2025-07-11,3,12,0
777155,2025-07-11,5,4,1
777151,2025-07-11,3,8,0
777154,2025-07-11,3,7,0
777148,2025-07-11,2,1,1
777149,2025-07-11,8,3,1
777147,2025-07-11,5,6,0
777150,2025-07-11,6,5,1
777139,2025-07-11,4,2,1
777152,2025-07-11,6,7,0
777143,2025-07-11,8,7,1
777142,2025-07-12,2,5,0
777145,2025-07-12,7,15,0
777134,2025-07-12,12,4,1
777133,2025-07-12,6,7,0
777127,2025-07-12,1,2,0
777141,2025-07-12,0,6,0
777140,2025-07-12,4,3,1
777136,2025-07-12,1,3,0
777144,2025-07-12,1,0,1
777138,2025-07-12,2,6,0
777135,2025-07-12,6,5,1
777137,2025-07-12,5,4,1
777126,2025-07-12,5,4,1
777131,2025-07-12,10,5,1
777132,2025-07-12,4,3,1
777130,2025-07-13,4,1,1
777129,2025-07-13,1,11,0
777122,2025-07-13,1,4,0
777128,2025-07-13,4,2,1
777121,2025-07-13,4,8,0
777124,2025-07-13,3,2,1
777125,2025-07-13,1,5,0
777113,2025-07-13,1,2,0
777120,2025-07-13,5,6,0
777123,2025-07-13,8,1,1
777118,2025-07-13,5,4,1
777119,2025-07-13,2,5,0
777116,2025-07-13,6,3,1
777115,2025-07-13,1,5,0
777117,2025-07-13,1,2,0
778566,2025-07-15,7,6,1
777101,2025-07-18,4,1,1
777107,2025-07-18,1,10,0
777112,2025-07-18,2,7,0
777106,2025-07-18,5,6,0
777108,2025-07-18,4,0,1
777111,2025-07-18,4,8,0
777105,2025-07-18,8,6,1
777109,2025-07-18,8,7,1
777114,2025-07-18,7,3,1
777110,2025-07-18,11,1,1
777098,2025-07-18,2,0,1
777102,2025-07-18,6,4,1
777100,2025-07-18,7,3,1
777099,2025-07-18,6,1,1
777103,2025-07-18,0,2,0
777094,2025-07-19,6,3,1
777092,2025-07-19,2,5,0
777093,2025-07-19,3,1,1
777089,2025-07-19,9,5,1
777090,2025-07-19,4,10,0
777091,2025-07-19,4,2,1
777095,2025-07-19,4,3,1
777088,2025-07-19,4,1,1
777104,2025-07-19,2,8,0
777096,2025-07-19,6,0,1
777081,2025-07-19,10,1,1
777097,2025-07-19,9,12,0
777080,2025-07-19,10,6,1
777085,2025-07-19,7,8,0
777086,2025-07-19,7,6,1
777079,2025-07-20,8,6,1
777076,2025-07-20,3,5,0
777077,2025-07-20,1,8,0
777078,2025-07-20,2,8,0
777074,2025-07-20,2,7,0
777083,2025-07-20,2,4,0
777087,2025-07-20,3,2,1
777084,2025-07-20,8,2,1
777082,2025-07-20,4,7,0
777075,2025-07-20,1,6,0
777072,2025-07-20,1,7,0
777067,2025-07-20,3,11,0
777071,2025-07-20,5,3,1
777070,2025-07-20,5,6,0
777073,2025-07-20,1,2,0
777068,2025-07-21,10,5,1
777060,2025-07-21,3,0,1
777062,2025-07-21,1,2,0
777064,2025-07-21,10,8,1
777063,2025-07-21,3,2,1
777066,2025-07-21,4,1,1
777061,2025-07-21,7,5,1
777069,2025-07-21,9,5,1
777059,2025-07-21,3,8,0
777065,2025-07-21,4,12,0
777057,2025-07-21,7,2,1
777053,2025-07-21,2,6,0
777055,2025-07-21,3,6,0
777050,2025-07-21,0,6,0
777051,2025-07-21,5,2,1
777056,2025-07-22,6,3,1
777044,2025-07-22,8,5,1
777052,2025-07-22,4,3,1
777042,2025-07-22,6,1,1
777045,2025-07-22,4,1,1
777048,2025-07-22,4,3,1
777046,2025-07-22,4,5,0
777054,2025-07-22,3,2,1
777058,2025-07-22,0,9,0
777047,2025-07-22,6,0,1
777043,2025-07-22,6,2,1
777049,2025-07-22,8,4,1
777040,2025-07-22,1,3,0
777035,2025-07-22,1,0,1
777039,2025-07-22,7,10,0
777026,2025-07-23,0,5,0
777037,2025-07-23,3,2,1
777041,2025-07-23,3,9,0
777029,2025-07-23,6,1,1
777034,2025-07-23,6,3,1
777031,2025-07-23,4,8,0
777028,2025-07-23,6,0,1
777032,2025-07-23,3,4,0
777024,2025-07-23,2,10,0
777022,2025-07-23,4,3,1
777036,2025-07-23,3,2,1
777027,2025-07-23,8,4,1
777038,2025-07-23,8,9,0
777030,2025-07-23,9,11,0
777033,2025-07-23,2,1,1
777019,2025-07-24,3,4,0
777021,2025-07-24,4,11,0
777023,2025-07-24,9,7,1
777025,2025-07-24,2,5,0
777018,2025-07-24,2,4,0
777008,2025-07-25,1,5,0
777014,2025-07-25,0,1,0
777020,2025-07-25,5,6,0
777015,2025-07-25,5,12,0
777012,2025-07-25,2,5,0
777013,2025-07-25,7,2,1
777016,2025-07-25,2,6,0
777005,2025-07-25,3,0,1
777017,2025-07-25,12,5,1
777009,2025-07-25,8,3,1
777007,2025-07-25,3,15,0
777011,2025-07-25,1,0,1
777006,2025-07-25,3,2,1
777004,2025-07-25,1,8,0
777001,2025-07-26,4,9,0
777010,2025-07-26,5,3,1
776990,2025-07-26,4,6,0
777003,2025-07-26,1,6,0
777002,2025-07-26,2,0,1
777000,2025-07-26,6,2,1
776999,2025-07-26,18,0,1
776993,2025-07-26,6,5,1
776991,2025-07-26,1,5,0
776997,2025-07-26,3,9,0
776994,2025-07-26,1,6,0
776996,2025-07-26,4,7,0
776998,2025-07-26,4,2,1
776992,2025-07-26,1,3,0
776985,2025-07-26,1,2,0
776995,2025-07-26,2,7,0
776986,2025-07-27,5,1,1
776983,2025-07-27,4,3,1
776984,2025-07-27,6,0,1
776988,2025-07-27,4,3,1
776982,2025-07-27,2,1,1
776987,2025-07-27,10,4,1
776975,2025-07-27,4,1,1
776976,2025-07-27,1,7,0
776979,2025-07-27,2,7,0
776989,2025-07-27,4,5,0
776978,2025-07-27,3,2,1
776980,2025-07-27,2,9,0
776981,2025-07-27,8,1,1
776977,2025-07-27,4,1,1
776974,2025-07-27,3,5,0
776966,2025-07-28,11,4,1
776968,2025-07-28,6,8,0
776973,2025-07-28,5,1,1
776970,2025-07-28,2,4,0
776967,2025-07-28,2,5,0
776961,2025-07-28,5,4,1
776971,2025-07-28,7,10,0
776972,2025-07-28,6,2,1
776965,2025-07-28,8,4,1
776960,2025-07-28,7,1,1
776969,2025-07-28,1,2,0
776958,2025-07-28,6,4,1
776959,2025-07-28,7,6,1
776964,2025-07-28,5,6,0
776957,2025-07-28,1,3,0
778372,2025-07-29,16,4,1
776962,2025-07-29,3,2,1
776951,2025-07-29,10,4,1
776953,2025-07-29,12,2,1
776949,2025-07-29,7,5,1
776963,2025-07-29,4,5,0
776954,2025-07-29,5,8,0
776955,2025-07-29,9,6,1
776952,2025-07-29,3,6,0
776956,2025-07-29,9,3,1
776946,2025-07-29,0,5,0
776950,2025-07-29,7,4,1
776945,2025-07-29,8,5,1
776947,2025-07-29,7,1,1
776943,2025-07-29,1,3,0
776944,2025-07-29,6,1,1
776948,2025-07-30,8,9,0
776940,2025-07-30,7,2,1
776935,2025-07-30,1,13,0
776937,2025-07-30,9,1,1
776936,2025-07-30,1,0,1
776939,2025-07-30,9,3,1
776929,2025-07-30,3,10,0
776933,2025-07-30,1,2,0
776931,2025-07-30,5,0,1
776942,2025-07-30,5,0,1
776938,2025-07-30,5,4,1
776941,2025-07-30,5,2,1
776934,2025-07-30,0,2,0
776932,2025-07-30,3,6,0
776930,2025-07-30,5,4,1
776927,2025-07-31,7,4,1
776928,2025-07-31,11,12,0
776923,2025-07-31,6,0,1
776921,2025-08-01,3,2,1
776915,2025-08-01,1,0,1
776913,2025-08-01,5,4,1
776917,2025-08-01,9,16,0
776920,2025-08-01,3,9,0
776922,2025-08-01,2,1,1
776926,2025-08-01,3,4,0
776924,2025-08-01,3,2,1
776925,2025-08-01,13,12,1
776918,2025-08-01,0,5,0
776919,2025-08-01,17,16,1
776916,2025-08-01,3,6,0
776906,2025-08-01,4,1,1
776914,2025-08-01,5,1,1
776908,2025-08-01,4,3,1
776901,2025-08-02,4,0,1
776902,2025-08-02,3,4,0
776900,2025-08-02,4,2,1
776904,2025-08-02,8,5,1
776912,2025-08-02,5,7,0
776903,2025-08-02,2,8,0
776909,2025-08-02,7,3,1
776911,2025-08-02,12,6,1
776897,2025-08-02,4,6,0
776905,2025-08-02,5,4,1
776910,2025-08-02,2,0,1
776907,2025-08-02,2,4,0
776899,2025-08-02,2,7,0
776898,2025-08-02,0,1,0
776896,2025-08-02,5,8,0
776895,2025-08-03,6,1,1
776889,2025-08-03,0,3,0
776907,2025-08-03,2,4,0
776894,2025-08-03,3,14,0
776893,2025-08-03,4,7,0
776887,2025-08-03,4,12,0
776892,2025-08-03,4,5,0
776891,2025-08-03,7,3,1
776888,2025-08-03,5,3,1
776886,2025-08-03,5,9,0
776881,2025-08-03,4,6,0
776885,2025-08-03,8,5,1
776884,2025-08-03,7,3,1
776883,2025-08-03,5,4,1
776890,2025-08-03,2,0,1
776879,2025-08-04,5,4,1
776874,2025-08-04,6,3,1
776875,2025-08-04,2,8,0
776877,2025-08-04,13,3,1
776880,2025-08-04,8,5,1
776876,2025-08-04,6,7,0
776882,2025-08-04,1,3,0
776878,2025-08-04,2,3,0
776871,2025-08-04,8,5,1
776872,2025-08-04,1,15,0
776867,2025-08-04,5,1,1
776873,2025-08-04,6,2,1
776870,2025-08-04,2,3,0
776866,2025-08-05,1,8,0
776861,2025-08-05,3,6,0
776862,2025-08-05,3,7,0
776865,2025-08-05,7,16,0
776868,2025-08-05,5,0,1
776864,2025-08-05,6,2,1
776863,2025-08-05,2,3,0
776869,2025-08-05,2,7,0
776860,2025-08-05,1,5,0
776855,2025-08-05,2,0,1
776854,2025-08-05,4,10,0
776848,2025-08-05,3,7,0
776852,2025-08-05,5,10,0
776857,2025-08-05,8,3,1
776858,2025-08-05,12,6,1
776844,2025-08-06,2,4,0
776851,2025-08-06,1,5,0
776846,2025-08-06,1,4,0
776859,2025-08-06,4,9,0
776847,2025-08-06,6,1,1
776845,2025-08-06,2,3,0
776836,2025-08-06,1,20,0
776843,2025-08-06,4,5,0
776839,2025-08-06,3,5,0
776849,2025-08-06,6,4,1
776850,2025-08-06,2,1,1
776856,2025-08-06,3,7,0
776853,2025-08-06,4,5,0
776838,2025-08-06,2,3,0
776841,2025-08-06,8,6,1
776837,2025-08-07,0,6,0
776830,2025-08-07,4,3,1
776840,2025-08-07,7,0,1
776842,2025-08-07,8,6,1
776829,2025-08-08,3,2,1
776831,2025-08-08,3,2,1
776835,2025-08-08,3,5,0
776832,2025-08-08,6,5,1
776834,2025-08-08,1,5,0
776833,2025-08-08,5,9,0
776821,2025-08-08,1,9,0
776827,2025-08-08,9,4,1
776828,2025-08-08,3,2,1
776826,2025-08-08,5,0,1
776825,2025-08-08,6,1,1
776820,2025-08-08,2,10,0
776824,2025-08-08,3,2,1
776823,2025-08-08,5,1,1
776822,2025-08-08,5,0,1
778431,2025-08-09,7,1,1
776819,2025-08-09,8,6,1
776815,2025-08-09,5,4,1
776802,2025-08-09,2,4,0
776813,2025-08-09,4,7,0
776812,2025-08-09,1,2,0
776811,2025-08-09,3,11,0
776816,2025-08-09,0,2,0
776814,2025-08-09,1,3,0
776817,2025-08-09,7,4,1
776818,2025-08-09,1,9,0
776810,2025-08-09,2,3,0
776809,2025-08-09,6,5,1
776807,2025-08-09,5,4,1
776808,2025-08-09,9,1,1
776805,2025-08-09,7,4,1
776796,2025-08-10,5,3,1
776804,2025-08-10,2,3,0
776801,2025-08-10,8,14,0
776803,2025-08-10,7,1,1
776797,2025-08-10,1,7,0
776806,2025-08-10,9,5,1
776798,2025-08-10,6,4,1
776799,2025-08-10,7,6,1
776800,2025-08-10,2,4,0
776793,2025-08-10,0,8,0
776794,2025-08-10,13,6,1
776789,2025-08-10,6,2,1
776791,2025-08-10,6,3,1
776788,2025-08-10,4,5,0
776795,2025-08-10,3,2,1
776792,2025-08-11,1,4,0
776790,2025-08-11,6,2,1
776784,2025-08-11,7,4,1
776781,2025-08-11,1,2,0
776786,2025-08-11,7,1,1
776783,2025-08-11,3,2,1
776785,2025-08-11,7,6,1
776782,2025-08-11,7,6,1
776779,2025-08-11,7,4,1
776780,2025-08-11,1,4,0
776787,2025-08-11,4,7,0
776776,2025-08-12,0,1,0
776777,2025-08-12,6,1,1
776778,2025-08-12,4,3,1
776774,2025-08-12,9,1,1
776768,2025-08-12,5,1,1
776772,2025-08-12,13,5,1
776770,2025-08-12,8,5,1
776773,2025-08-12,9,6,1
776771,2025-08-12,14,0,1
776775,2025-08-12,0,3,0
776764,2025-08-12,2,3,0
776769,2025-08-12,1,14,0
776763,2025-08-12,7,6,1
776767,2025-08-12,1,5,0
776762,2025-08-12,6,0,1
776759,2025-08-13,7,8,0
776754,2025-08-13,0,1,0
776755,2025-08-13,12,5,1
776758,2025-08-13,5,6,0
776746,2025-08-13,4,6,0
776749,2025-08-13,1,11,0
776765,2025-08-13,8,0,1
776761,2025-08-13,4,3,1
776766,2025-08-13,4,13,0
776760,2025-08-13,1,4,0
776757,2025-08-13,1,4,0
776753,2025-08-13,4,1,1
776756,2025-08-13,6,11,0
776752,2025-08-13,6,5,1
776751,2025-08-13,2,8,0
776750,2025-08-14,5,3,1
776747,2025-08-14,2,1,1
776745,2025-08-14,9,4,1
776743,2025-08-14,3,2,1
776748,2025-08-14,3,4,0
776744,2025-08-14,3,4,0
776742,2025-08-14,2,8,0
776737,2025-08-15,2,3,0
776740,2025-08-15,8,10,0
776739,2025-08-15,2,6,0
776735,2025-08-15,6,5,1
776736,2025-08-15,9,11,0
776738,2025-08-15,0,2,0
776741,2025-08-15,2,1,1
776733,2025-08-15,0,7,0
776732,2025-08-15,0,7,0
776728,2025-08-15,3,1,1
776731,2025-08-15,3,4,0
776730,2025-08-15,4,3,1
776734,2025-08-15,10,3,1
776727,2025-08-15,3,2,1
776729,2025-08-15,6,7,0
776719,2025-08-16,3,1,1
776723,2025-08-16,14,2,1
776725,2025-08-16,2,0,1
776726,2025-08-16,3,1,1
776724,2025-08-16,7,5,1
776721,2025-08-16,5,6,0
776722,2025-08-16,5,4,1
776720,2025-08-16,1,10,0
776712,2025-08-16,6,2,1
776716,2025-08-16,5,8,0
776713,2025-08-16,8,12,0
776715,2025-08-16,10,7,1
776711,2025-08-16,1,2,0
776717,2025-08-16,6,0,1
776718,2025-08-16,7,2,1
776708,2025-08-17,9,11,0
776714,2025-08-17,3,5,0
776710,2025-08-17,4,10,0
776706,2025-08-17,4,5,0
776709,2025-08-17,3,2,1
776705,2025-08-17,0,12,0
776700,2025-08-17,8,1,1
776702,2025-08-17,6,2,1
776698,2025-08-17,4,8,0
776704,2025-08-17,4,3,1
776701,2025-08-17,6,5,1
776699,2025-08-17,5,11,0
776703,2025-08-17,7,1,1
776697,2025-08-17,5,4,1
776707,2025-08-17,7,3,1
777459,2025-08-18,0,7,0
776692,2025-08-18,10,0,1
776694,2025-08-18,5,2,1
776688,2025-08-18,3,8,0
776689,2025-08-18,12,7,1
776695,2025-08-18,3,6,0
776696,2025-08-18,9,13,0
776690,2025-08-18,4,3,1
776693,2025-08-18,4,3,1
776681,2025-08-18,1,4,0
776682,2025-08-18,1,3,0
776683,2025-08-18,3,4,0
776691,2025-08-19,6,4,1
776676,2025-08-19,4,1,1
776685,2025-08-19,1,0,1
776679,2025-08-19,3,7,0
776686,2025-08-19,4,7,0
776678,2025-08-19,1,8,0
776680,2025-08-19,6,4,1
776684,2025-08-19,3,4,0
776687,2025-08-19,11,10,1
776677,2025-08-19,3,13,0
776675,2025-08-19,5,2,1
776674,2025-08-19,3,6,0
776671,2025-08-19,4,11,0
776668,2025-08-19,4,6,0
776672,2025-08-19,6,5,1
776667,2025-08-19,5,1,1
776661,2025-08-20,2,1,1
776662,2025-08-20,11,2,1
776673,2025-08-20,7,2,1
776658,2025-08-20,3,2,1
776670,2025-08-20,6,2,1
776659,2025-08-20,5,4,1
776669,2025-08-20,1,0,1
776664,2025-08-20,4,6,0
776666,2025-08-20,3,6,0
776665,2025-08-20,2,4,0
776663,2025-08-20,4,3,1
776660,2025-08-20,8,3,1
776652,2025-08-20,2,1,1
776656,2025-08-20,8,1,1
776653,2025-08-21,3,8,0
776657,2025-08-21,6,4,1
776651,2025-08-21,1,4,0
776644,2025-08-21,5,9,0
776650,2025-08-21,9,3,1
776642,2025-08-21,8,4,1
776655,2025-08-21,2,7,0
776654,2025-08-21,3,6,0
776631,2025-08-21,4,7,0
776637,2025-08-22,9,0,1
776648,2025-08-22,4,5,0
776643,2025-08-22,7,10,0
776647,2025-08-22,0,1,0
776649,2025-08-22,7,5,1
776646,2025-08-22,2,5,0
776645,2025-08-22,7,12,0
776633,2025-08-22,10,6,1
776639,2025-08-22,7,9,0
776641,2025-08-22,4,3,1
776634,2025-08-22,5,4,1
776640,2025-08-22,2,3,0
776635,2025-08-22,6,5,1
776636,2025-08-22,2,1,1
776638,2025-08-22,3,2,1
776627,2025-08-23,1,12,0
776630,2025-08-23,6,7,0
776628,2025-08-23,6,4,1
776625,2025-08-23,4,2,1
776632,2025-08-23,5,1,1
776629,2025-08-23,8,9,0
776623,2025-08-23,10,0,1
776619,2025-08-23,7,3,1
776621,2025-08-23,1,7,0
776626,2025-08-23,2,9,0
776622,2025-08-23,10,1,1
776617,2025-08-23,5,1,1
776618,2025-08-23,1,12,0
776620,2025-08-23,1,2,0
776610,2025-08-24,4,0,1
776606,2025-08-24,7,2,1
776612,2025-08-24,3,2,1
776613,2025-08-24,3,2,1
776624,2025-08-24,4,3,1
776615,2025-08-24,8,10,0
776614,2025-08-24,5,3,1
776607,2025-08-24,8,0,1
776608,2025-08-24,3,4,0
776611,2025-08-24,5,0,1
776605,2025-08-24,3,4,0
776609,2025-08-24,1,6,0
776603,2025-08-24,2,8,0
776602,2025-08-24,11,4,1
776616,2025-08-24,7,2,1
776604,2025-08-25,3,4,0
776601,2025-08-25,0,9,0
776600,2025-08-25,2,1,1
776597,2025-08-25,10,5,1
776596,2025-08-25,10,4,1
776598,2025-08-25,13,3,1
776599,2025-08-25,7,0,1
776593,2025-08-25,7,5,1
776589,2025-08-25,7,6,1
776592,2025-08-25,0,4,0
776595,2025-08-25,9,6,1
776590,2025-08-25,8,3,1
776594,2025-08-25,7,0,1
776591,2025-08-26,0,5,0
776584,2025-08-26,3,0,1
776581,2025-08-26,2,11,0
776588,2025-08-26,5,1,1
776582,2025-08-26,5,7,0
776585,2025-08-26,6,5,1
776583,2025-08-26,4,5,0
776586,2025-08-26,9,8,1
776578,2025-08-26,3,8,0
776575,2025-08-26,7,3,1
776587,2025-08-26,1,6,0
776577,2025-08-26,6,7,0
776576,2025-08-26,5,2,1
776573,2025-08-26,7,6,1
776574,2025-08-26,6,3,1
776570,2025-08-27,11,2,1
776580,2025-08-27,4,3,1
776565,2025-08-27,1,12,0
776561,2025-08-27,4,3,1
776579,2025-08-27,2,3,0
776567,2025-08-27,9,8,1
776566,2025-08-27,6,0,1
776569,2025-08-27,1,12,0
776572,2025-08-27,2,3,0
776568,2025-08-27,1,2,0
776563,2025-08-27,20,3,1
776571,2025-08-27,4,0,1
776562,2025-08-27,5,1,1
776557,2025-08-27,12,3,1
776559,2025-08-27,7,0,1
776564,2025-08-28,2,3,0
776555,2025-08-28,4,3,1
776553,2025-08-28,4,6,0
776554,2025-08-28,4,1,1
776550,2025-08-28,4,3,1
776560,2025-08-28,19,4,1
776558,2025-08-28,4,7,0
776556,2025-08-28,4,10,0
776551,2025-08-29,5,7,0
776545,2025-08-29,1,4,0
776552,2025-08-29,2,1,1
776546,2025-08-29,2,7,0
776549,2025-08-29,2,4,0
776547,2025-08-29,5,4,1
776548,2025-08-29,19,9,1
776544,2025-08-29,2,10,0
776543,2025-08-29,2,0,1
776540,2025-08-29,3,5,0
776541,2025-08-29,7,4,1
776542,2025-08-29,7,11,0
776538,2025-08-29,2,5,0
776534,2025-08-29,0,3,0
776533,2025-08-29,15,8,1
776527,2025-08-30,1,4,0
776525,2025-08-30,1,4,0
776539,2025-08-30,3,10,0
776535,2025-08-30,8,11,0
776532,2025-08-30,3,2,1
776536,2025-08-30,2,4,0
776531,2025-08-30,1,4,0
776530,2025-08-30,3,12,0
776529,2025-08-30,3,5,0
776528,2025-08-30,3,1,1
776537,2025-08-30,4,3,1
776516,2025-08-30,1,11,0
776526,2025-08-30,3,4,0
776523,2025-08-30,1,6,0
776524,2025-08-30,3,9,0
776518,2025-08-31,7,4,1
776513,2025-08-31,7,2,1
776517,2025-08-31,5,2,1
776520,2025-08-31,4,7,0
776515,2025-08-31,8,4,1
776521,2025-08-31,2,4,0
776519,2025-08-31,1,5,0
776510,2025-08-31,0,3,0
776512,2025-08-31,0,5,0
776514,2025-08-31,3,2,1
776511,2025-08-31,6,5,1
776507,2025-08-31,13,2,1
776508,2025-08-31,6,9,0
776509,2025-08-31,5,4,1
776522,2025-08-31,1,3,0
776498,2025-09-01,2,0,1
776501,2025-09-01,8,10,0
776503,2025-09-01,5,4,1
776505,2025-09-01,6,4,1
776499,2025-09-01,8,3,1
776502,2025-09-01,5,6,0
776497,2025-09-01,3,11,0
776506,2025-09-01,7,6,1
776492,2025-09-01,2,8,0
776500,2025-09-01,8,10,0
776494,2025-09-01,3,4,0
776504,2025-09-01,10,2,1
776495,2025-09-01,5,7,0
776490,2025-09-02,5,12,0
776496,2025-09-02,9,7,1
776491,2025-09-02,9,12,0
776493,2025-09-02,11,7,1
776482,2025-09-02,5,2,1
776485,2025-09-02,6,5,1
776488,2025-09-02,1,5,0
776487,2025-09-02,4,3,1
776484,2025-09-02,3,12,0
776483,2025-09-02,2,1,1
776489,2025-09-02,1,7,0
776486,2025-09-02,4,7,0
776480,2025-09-02,2,6,0
776481,2025-09-02,5,3,1
776477,2025-09-03,10,5,1
776478,2025-09-03,6,2,1
776468,2025-09-03,2,0,1
776465,2025-09-03,5,7,0
776479,2025-09-03,3,0,1
776475,2025-09-03,9,13,0
776474,2025-09-03,1,8,0
776476,2025-09-03,9,4,1
776466,2025-09-03,3,4,0
776473,2025-09-03,1,5,0
776469,2025-09-03,3,4,0
776471,2025-09-03,6,3,1
776470,2025-09-03,5,1,1
776472,2025-09-03,8,7,1
776467,2025-09-03,8,10,0
776459,2025-09-04,0,2,0
776461,2025-09-04,5,3,1
776458,2025-09-04,4,2,1
776463,2025-09-04,4,3,1
776462,2025-09-04,8,11,0
776464,2025-09-04,4,8,0
776455,2025-09-05,11,5,1
776450,2025-09-05,4,5,0
776452,2025-09-05,5,7,0
776453,2025-09-05,2,5,0
776454,2025-09-05,2,1,1
776457,2025-09-05,1,7,0
776456,2025-09-05,3,9,0
776460,2025-09-05,4,1,1
776451,2025-09-05,1,7,0
776446,2025-09-05,2,1,1
776449,2025-09-05,4,3,1
776445,2025-09-05,2,8,0
776442,2025-09-05,3,0,1
776444,2025-09-05,4,10,0
776448,2025-09-05,10,5,1
776436,2025-09-06,3,1,1
776440,2025-09-06,1,2,0
776433,2025-09-06,2,4,0
776435,2025-09-06,6,0,1
776439,2025-09-06,6,3,1
776441,2025-09-06,1,4,0
776443,2025-09-06,4,3,1
776438,2025-09-06,2,3,0
776437,2025-09-06,3,2,1
776432,2025-09-06,0,11,0
776434,2025-09-06,11,2,1
776447,2025-09-06,2,10,0
776424,2025-09-06,5,1,1
776431,2025-09-06,8,10,0
776430,2025-09-06,4,17,0
776428,2025-09-07,2,18,0
776421,2025-09-07,1,2,0
776427,2025-09-07,2,5,0
776423,2025-09-07,4,3,1
776419,2025-09-07,2,10,0
776429,2025-09-07,3,2,1
776425,2025-09-07,4,6,0
776426,2025-09-07,5,4,1
776422,2025-09-07,1,5,0
776416,2025-09-07,4,3,1
776420,2025-09-07,3,6,0
776418,2025-09-07,4,2,1
776417,2025-09-07,1,8,0
776414,2025-09-07,4,3,1
776415,2025-09-07,4,7,0
776413,2025-09-08,10,2,1
776409,2025-09-08,7,15,0
776405,2025-09-08,1,0,1
776412,2025-09-08,4,1,1
776406,2025-09-08,5,0,1
776411,2025-09-08,3,12,0
776407,2025-09-08,4,3,1
776400,2025-09-08,4,2,1
776399,2025-09-08,11,5,1
776410,2025-09-08,0,7,0
776408,2025-09-08,3,1,1
776401,2025-09-09,3,2,1
776403,2025-09-09,2,0,1
776397,2025-09-09,5,7,0
776404,2025-09-09,9,3,1
776398,2025-09-09,2,12,0
776393,2025-09-09,4,3,1
776402,2025-09-09,1,6,0
776388,2025-09-09,4,5,0
776395,2025-09-09,5,4,1
776390,2025-09-09,12,2,1
776392,2025-09-09,2,4,0
776391,2025-09-09,5,3,1
776394,2025-09-09,5,3,1
776396,2025-09-09,0,6,0
776389,2025-09-09,7,2,1
776375,2025-09-10,6,3,1
776379,2025-09-10,5,4,1
776374,2025-09-10,3,5,0
776376,2025-09-10,4,3,1
776387,2025-09-10,2,1,1
776382,2025-09-10,3,4,0
776386,2025-09-10,8,3,1
776384,2025-09-10,11,3,1
776383,2025-09-10,1,11,0
776385,2025-09-10,2,3,0
776381,2025-09-10,2,3,0
776378,2025-09-10,6,5,1
776377,2025-09-10,1,2,0
776373,2025-09-10,4,2,1
776380,2025-09-10,9,0,1
776372,2025-09-11,3,2,1
776364,2025-09-11,5,1,1
776369,2025-09-11,6,0,1
776367,2025-09-11,5,0,1
776368,2025-09-11,9,3,1
776370,2025-09-11,3,2,1
776371,2025-09-11,6,4,1
776365,2025-09-11,2,0,1
776362,2025-09-11,7,6,1
776352,2025-09-12,6,4,1
776351,2025-09-12,6,5,1
776354,2025-09-12,8,2,1
776353,2025-09-12,6,1,1
776359,2025-09-12,3,8,0
776361,2025-09-12,4,0,1
776366,2025-09-12,8,2,1
776363,2025-09-12,1,4,0
776360,2025-09-12,3,11,0
776355,2025-09-12,9,8,1
776356,2025-09-12,8,2,1
776357,2025-09-12,2,4,0
776358,2025-09-12,3,0,1
776345,2025-09-12,2,1,1
776350,2025-09-12,5,1,1
776338,2025-09-13,4,5,0
776343,2025-09-13,5,4,1
776336,2025-09-13,1,5,0
776349,2025-09-13,2,3,0
776347,2025-09-13,6,4,1
776344,2025-09-13,3,5,0
776342,2025-09-13,8,6,1
776348,2025-09-13,3,1,1
776337,2025-09-13,2,5,0
776346,2025-09-13,2,6,0
776339,2025-09-13,9,8,1
776341,2025-09-13,11,3,1
776328,2025-09-13,7,13,0
776333,2025-09-13,5,3,1
776340,2025-09-13,11,5,1
776320,2025-09-14,4,3,1
776334,2025-09-14,3,10,0
776329,2025-09-14,8,3,1
776322,2025-09-14,11,2,1
776335,2025-09-14,5,2,1
776331,2025-09-14,3,2,1
776332,2025-09-14,0,2,0
776324,2025-09-14,4,6,0
776326,2025-09-14,2,3,0
776321,2025-09-14,4,3,1
776327,2025-09-14,7,4,1
776325,2025-09-14,2,10,0
776323,2025-09-14,9,6,1
776317,2025-09-14,11,2,1
776330,2025-09-14,6,4,1
776318,2025-09-15,0,4,0
776315,2025-09-15,3,11,0
776316,2025-09-15,1,2,0
776314,2025-09-15,1,4,0
776313,2025-09-15,7,0,1
776312,2025-09-15,6,11,0
776319,2025-09-15,6,3,1
776309,2025-09-15,8,1,1
776311,2025-09-15,5,6,0
777825,2025-09-16,3,6,0
776307,2025-09-16,0,5,0
776303,2025-09-16,5,7,0
776308,2025-09-16,1,4,0
776310,2025-09-16,1,2,0
776304,2025-09-16,8,3,1
776305,2025-09-16,5,6,0
776302,2025-09-16,5,12,0
776306,2025-09-16,7,8,0
776298,2025-09-16,9,10,0
776295,2025-09-16,9,2,1
776300,2025-09-16,3,0,1
776301,2025-09-16,6,5,1
776293,2025-09-16,5,6,0
776294,2025-09-16,6,5,1
776297,2025-09-16,6,9,0
776287,2025-09-17,4,8,0
776283,2025-09-17,2,6,0
776285,2025-09-17,1,3,0
776279,2025-09-17,1,5,0
776286,2025-09-17,4,9,0
776296,2025-09-17,0,4,0
776299,2025-09-17,5,4,1
776290,2025-09-17,2,1,1
776288,2025-09-17,4,7,0
776289,2025-09-17,7,5,1
776284,2025-09-17,5,10,0
776291,2025-09-17,9,2,1
776292,2025-09-17,5,2,1
776277,2025-09-17,4,8,0
776280,2025-09-17,5,0,1
776275,2025-09-18,1,3,0
776276,2025-09-18,6,1,1
776269,2025-09-18,4,0,1
776281,2025-09-18,3,5,0
776272,2025-09-18,0,2,0
776270,2025-09-18,7,9,0
776282,2025-09-18,1,0,1
776278,2025-09-18,0,7,0
776274,2025-09-18,5,2,1
776271,2025-09-18,2,1,1
776267,2025-09-19,7,4,1
776266,2025-09-19,3,4,0
776268,2025-09-19,1,10,0
776273,2025-09-19,4,2,1
776259,2025-09-19,12,6,1
776261,2025-09-19,7,11,0
776260,2025-09-19,20,1,1
776264,2025-09-19,4,3,1
776251,2025-09-19,4,6,0
776253,2025-09-19,7,6,1
776262,2025-09-19,0,4,0
776263,2025-09-19,2,6,0
776265,2025-09-19,7,1,1
776255,2025-09-19,2,8,0
776256,2025-09-19,6,3,1
776258,2025-09-20,5,6,0
777839,2025-09-20,0,6,0
776243,2025-09-20,0,8,0
776252,2025-09-20,3,5,0
776254,2025-09-20,6,3,1
776249,2025-09-20,2,0,1
776247,2025-09-20,3,6,0
776242,2025-09-20,3,4,0
776257,2025-09-20,1,6,0
776248,2025-09-20,4,6,0
776245,2025-09-20,2,1,1
776250,2025-09-20,3,7,0
776244,2025-09-20,2,3,0
776241,2025-09-20,0,3,0
776246,2025-09-20,4,3,1
776233,2025-09-20,7,5,1
776238,2025-09-21,2,6,0
776234,2025-09-21,11,0,1
776240,2025-09-21,1,7,0
776239,2025-09-21,1,0,1
776237,2025-09-21,2,3,0
776229,2025-09-21,5,8,0
776225,2025-09-21,6,2,1
776235,2025-09-21,2,3,0
776231,2025-09-21,5,1,1
776226,2025-09-21,2,4,0
776232,2025-09-21,3,1,1
776227,2025-09-21,1,3,0
776230,2025-09-21,9,2,1
776228,2025-09-21,3,7,0
776236,2025-09-21,7,3,1
776221,2025-09-22,11,5,1
776222,2025-09-22,5,4,1
776220,2025-09-22,5,6,0
776223,2025-09-23,6,0,1
776218,2025-09-23,5,2,1
776224,2025-09-23,2,4,0
776215,2025-09-23,5,6,0
776216,2025-09-23,3,2,1
776217,2025-09-23,1,4,0
776219,2025-09-23,3,2,1
776209,2025-09-23,7,9,0
776210,2025-09-23,1,4,0
776207,2025-09-23,4,8,0
776213,2025-09-23,5,4,1
776212,2025-09-23,4,3,1
776214,2025-09-23,7,0,1
776211,2025-09-23,8,9,0
776208,2025-09-23,5,1,1
776200,2025-09-24,3,4,0
776198,2025-09-24,1,3,0
776203,2025-09-24,2,6,0
776204,2025-09-24,5,1,1
776202,2025-09-24,3,4,0
776201,2025-09-24,11,1,1
776199,2025-09-24,8,1,1
776206,2025-09-24,1,7,0
776205,2025-09-24,10,3,1
776192,2025-09-24,4,2,1
776197,2025-09-24,3,2,1
776193,2025-09-24,4,5,0
776194,2025-09-24,9,2,1
776196,2025-09-24,4,3,1
776195,2025-09-24,6,0,1
776190,2025-09-25,2,1,1
776191,2025-09-25,6,5,1
776183,2025-09-25,0,4,0
776182,2025-09-25,5,11,0
776185,2025-09-25,0,8,0
776188,2025-09-25,1,0,1
776189,2025-09-25,2,4,0
776184,2025-09-25,5,3,1
776186,2025-09-25,6,1,1
776187,2025-09-25,5,8,0
776178,2025-09-25,4,9,0
776179,2025-09-25,6,2,1
776167,2025-09-26,12,1,1
776176,2025-09-26,3,1,1
776165,2025-09-26,9,10,0
776174,2025-09-26,8,4,1
776177,2025-09-26,4,2,1
776181,2025-09-26,4,3,1
776175,2025-09-26,3,7,0
776173,2025-09-26,6,2,1
776180,2025-09-26,3,9,0
776171,2025-09-26,1,3,0
776169,2025-09-26,4,3,1
776170,2025-09-26,7,4,1
776168,2025-09-26,2,3,0
776172,2025-09-26,4,3,1
776166,2025-09-26,6,3,1
776162,2025-09-27,6,1,1
776164,2025-09-27,7,3,1
776159,2025-09-27,5,1,1
776146,2025-09-27,4,3,1
776160,2025-09-27,6,5,1
776157,2025-09-27,1,2,0
776161,2025-09-27,0,5,0
776163,2025-09-27,0,5,0
776158,2025-09-27,3,2,1
776156,2025-09-27,1,3,0
776153,2025-09-27,4,7,0
776152,2025-09-27,5,1,1
776155,2025-09-27,1,6,0
776150,2025-09-27,3,5,0
776154,2025-09-27,2,4,0
776151,2025-09-28,4,3,1
776138,2025-09-28,2,9,0
776137,2025-09-28,4,0,1
776141,2025-09-28,2,1,1
776143,2025-09-28,0,8,0
776140,2025-09-28,3,2,1
776135,2025-09-28,2,6,0
776145,2025-09-28,13,4,1
776136,2025-09-28,12,4,1
776139,2025-09-28,1,6,0
776147,2025-09-28,9,8,1
776148,2025-09-28,4,0,1
776144,2025-09-28,4,2,1
776149,2025-09-28,4,1,1
776142,2025-09-28,2,0,1
813072,2025-09-30,1,2,0
813066,2025-09-30,3,1,1
813074,2025-09-30,1,3,0
813069,2025-09-30,10,5,1
813071,2025-10-01,6,1,1
813064,2025-10-01,0,3,0
813070,2025-10-01,4,3,1
813068,2025-10-01,8,4,1
813073,2025-10-02,3,6,0
813059,2025-10-02,3,1,1
813065,2025-10-02,4,0,1
813047,2025-10-04,9,3,1
813063,2025-10-04,10,1,1
813051,2025-10-04,3,5,0
813058,2025-10-04,2,3,0
813062,2025-10-05,13,7,1
813057,2025-10-05,3,2,1
813052,2025-10-06,3,4,0
813048,2025-10-06,7,3,1
813056,2025-10-07,4,8,0
813061,2025-10-07,9,6,1
813055,2025-10-08,9,3,1
813049,2025-10-08,4,3,1
813060,2025-10-08,2,5,0
813041,2025-10-08,2,8,0
813042,2025-10-09,2,1,1
813050,2025-10-09,6,0,1
813054,2025-10-10,3,2,1
813046,2025-10-11,3,1,1
813040,2025-10-12,1,3,0
813044,2025-10-13,3,10,0
813036,2025-10-13,1,2,0
813034,2025-10-14,1,5,0
813043,2025-10-15,4,13,0
813033,2025-10-16,3,1,1
813035,2025-10-16,2,8,0
813039,2025-10-17,6,2,1
813031,2025-10-17,5,1,1
813038,2025-10-19,6,2,1
813037,2025-10-20,4,3,1
813027,2025-10-24,11,4,1
813026,2025-10-25,1,5,0
813032,2025-10-27,6,5,1
813023,2025-10-28,2,6,0
813022,2025-10-29,1,6,0
813025,2025-10-31,1,3,0
813024,2025-11-01,4,5,0
832034,2026-02-20,2,0,1
832033,2026-02-20,18,3,1
831829,2026-02-20,3,7,0
832042,2026-02-20,1,8,0
831959,2026-02-20,2,3,0
831764,2026-02-20,7,4,1
832043,2026-02-20,10,3,1
831598,2026-02-21,2,1,1
831544,2026-02-21,2,8,0
831494,2026-02-21,2,6,0
831654,2026-02-21,2,7,0
831543,2026-02-21,1,5,0
831655,2026-02-21,20,3,1
831542,2026-02-21,3,0,1
831497,2026-02-21,1,2,0
831900,2026-02-21,4,2,1
831775,2026-02-21,3,10,0
831732,2026-02-21,2,3,0
831948,2026-02-21,11,2,1
831872,2026-02-21,6,11,0
832063,2026-02-21,2,15,0
831750,2026-02-21,5,10,0
831878,2026-02-21,6,9,0
831657,2026-02-22,4,4,0
831548,2026-02-22,5,6,0
831596,2026-02-22,7,4,1
831656,2026-02-22,11,10,1
831484,2026-02-22,3,4,0
831597,2026-02-22,1,8,0
831537,2026-02-22,4,6,0
831495,2026-02-22,8,16,0
831886,2026-02-22,0,6,0
831744,2026-02-22,8,14,0
831922,2026-02-22,4,2,1
831859,2026-02-22,9,5,1
831790,2026-02-22,5,2,1
831830,2026-02-22,9,10,0
831803,2026-02-22,1,5,0
831841,2026-02-22,3,7,0
831652,2026-02-23,2,1,1
831658,2026-02-23,0,3,0
831540,2026-02-23,7,10,0
831485,2026-02-23,5,4,1
831595,2026-02-23,2,6,0
831539,2026-02-23,3,4,0
831955,2026-02-23,9,5,1
831927,2026-02-23,2,3,0
831745,2026-02-23,3,0,1
831939,2026-02-23,6,2,1
831724,2026-02-23,0,6,0
831912,2026-02-23,5,4,1
831783,2026-02-23,7,5,1
831483,2026-02-23,5,5,0
831534,2026-02-24,7,16,0
831651,2026-02-24,5,10,0
831650,2026-02-24,12,1,1
831594,2026-02-24,8,1,1
831649,2026-02-24,7,8,0
831593,2026-02-24,6,6,0
831489,2026-02-24,6,1,1
831847,2026-02-24,5,4,1
831876,2026-02-24,11,3,1
831781,2026-02-24,6,5,1
831951,2026-02-24,4,6,0
831797,2026-02-24,0,10,0
831825,2026-02-24,7,5,1
832060,2026-02-24,1,4,0
831906,2026-02-24,10,12,0
831491,2026-02-24,6,1,1
831653,2026-02-25,4,3,1
831647,2026-02-25,4,4,0
831645,2026-02-25,3,5,0
831591,2026-02-25,5,3,1
831490,2026-02-25,3,1,1
831488,2026-02-25,0,6,0
831584,2026-02-25,1,4,0
831870,2026-02-25,7,14,0
831741,2026-02-25,8,8,0
831730,2026-02-25,4,11,0
831901,2026-02-25,2,3,0
831815,2026-02-25,7,10,0
831819,2026-02-25,7,3,1
831753,2026-02-25,13,12,1
831538,2026-02-25,7,0,1
831644,2026-02-26,6,5,1
831535,2026-02-26,0,5,0
831589,2026-02-26,9,4,1
831643,2026-02-26,7,5,1
831590,2026-02-26,6,4,1
831487,2026-02-26,7,3,1
831536,2026-02-26,7,3,1
831541,2026-02-26,7,8,0
831773,2026-02-26,11,10,1
831862,2026-02-26,3,11,0
831736,2026-02-26,7,3,1
831911,2026-02-26,7,6,1
831788,2026-02-26,1,5,0
831926,2026-02-26,5,4,1
831843,2026-02-26,13,10,1
831875,2026-02-26,8,7,1
831587,2026-02-27,6,1,1
831482,2026-02-27,3,14,0
831646,2026-02-27,6,5,1
831528,2026-02-27,16,8,1
831588,2026-02-27,15,8,1
831486,2026-02-27,10,2,1
831648,2026-02-27,5,17,0
831823,2026-02-27,3,4,0
831884,2026-02-27,8,6,1
831946,2026-02-27,7,6,1
831805,2026-02-27,12,4,1
831729,2026-02-27,3,1,1
831776,2026-02-27,3,2,1
831909,2026-02-27,5,2,1
831586,2026-02-27,4,4,0
831952,2026-02-27,1,3,0
831526,2026-02-28,2,5,0
831637,2026-02-28,3,12,0
831635,2026-02-28,13,8,1
831530,2026-02-28,5,7,0
831636,2026-02-28,5,1,1
831533,2026-02-28,7,5,1
831481,2026-02-28,2,3,0
831474,2026-02-28,2,10,0
831925,2026-02-28,2,6,0
831763,2026-02-28,2,8,0
831798,2026-02-28,7,6,1
831917,2026-02-28,5,7,0
831957,2026-02-28,5,8,0
831845,2026-02-28,3,16,0
831738,2026-02-28,7,1,1
831893,2026-02-28,7,9,0
831638,2026-03-01,7,8,0
831477,2026-03-01,1,6,0
831639,2026-03-01,4,4,0
831585,2026-03-01,5,3,1
831531,2026-03-01,2,2,0
831475,2026-03-01,0,3,0
831578,2026-03-01,3,5,0
831579,2026-03-01,4,3,1
831867,2026-03-01,8,3,1
831827,2026-03-01,4,3,1
831899,2026-03-01,12,4,1
831768,2026-03-01,9,1,1
831914,2026-03-01,1,5,0
831794,2026-03-01,3,1,1
831888,2026-03-01,9,6,1
831721,2026-03-01,4,9,0
831529,2026-03-02,3,3,0
831577,2026-03-02,4,1,1
831527,2026-03-02,2,5,0
831476,2026-03-02,3,2,1
831640,2026-03-02,6,7,0
831930,2026-03-02,17,9,1
831874,2026-03-02,3,1,1
831760,2026-03-02,5,6,0
831840,2026-03-02,5,4,1
831808,2026-03-02,5,7,0
831934,2026-03-02,2,7,0
831641,2026-03-03,3,5,0
831532,2026-03-03,3,1,1
831430,2026-03-03,7,1,1
831445,2026-03-03,5,8,0
831444,2026-03-03,11,1,1
831437,2026-03-03,10,7,1
831436,2026-03-03,0,1,0
831434,2026-03-03,6,3,1
831811,2026-03-03,4,5,0
831772,2026-03-03,3,4,0
831940,2026-03-03,14,4,1
831851,2026-03-03,4,0,1
831853,2026-03-03,4,9,0
831720,2026-03-03,1,15,0
831817,2026-03-03,6,7,0
831855,2026-03-03,3,7,0
831800,2026-03-03,3,6,0
836149,2026-03-03,12,4,1
831439,2026-03-03,3,5,0
831440,2026-03-03,3,1,1
831642,2026-03-04,2,4,0
831634,2026-03-04,0,4,0
831427,2026-03-04,3,5,0
831438,2026-03-04,9,1,1
831432,2026-03-04,8,11,0
831429,2026-03-04,1,2,0
831433,2026-03-04,2,1,1
831435,2026-03-04,6,3,1
831431,2026-03-04,5,2,1
836150,2026-03-04,4,4,0
831963,2026-03-04,1,3,0
831938,2026-03-04,13,2,1
831852,2026-03-04,2,19,0
831799,2026-03-04,7,5,1
831929,2026-03-04,1,4,0
831854,2026-03-04,2,2,0
831844,2026-03-04,4,3,1
831723,2026-03-04,4,14,0
831428,2026-03-04,5,1,1
831739,2026-03-04,9,4,1
831479,2026-03-05,7,4,1
831478,2026-03-05,2,3,0
831633,2026-03-05,3,4,0
831581,2026-03-05,6,2,1
831583,2026-03-05,9,5,1
831632,2026-03-05,0,15,0
831582,2026-03-05,2,0,1
831961,2026-03-05,8,1,1
831810,2026-03-05,14,13,1
831941,2026-03-05,11,16,0
831765,2026-03-05,6,27,0
831792,2026-03-05,8,10,0
831733,2026-03-05,9,15,0
831880,2026-03-05,3,12,0
831631,2026-03-06,11,3,1
831524,2026-03-06,7,1,1
831519,2026-03-06,2,10,0
831470,2026-03-06,10,14,0
831525,2026-03-06,9,2,1
831826,2026-03-06,5,3,1
831871,2026-03-06,6,11,0
831889,2026-03-06,6,3,1
831737,2026-03-06,1,5,0
831919,2026-03-06,0,6,0
831954,2026-03-06,6,2,1
831521,2026-03-06,1,4,0
831624,2026-03-06,3,0,1
831480,2026-03-06,2,0,1
831842,2026-03-06,6,0,1
831921,2026-03-06,3,0,1
831523,2026-03-07,5,4,1
831518,2026-03-07,3,5,0
831469,2026-03-07,2,3,0
831629,2026-03-07,2,0,1
831630,2026-03-07,3,2,1
831576,2026-03-07,0,1,0
831580,2026-03-07,2,2,0
831897,2026-03-07,6,2,1
831949,2026-03-07,4,3,1
831774,2026-03-07,7,1,1
831726,2026-03-07,7,5,1
832862,2026-03-07,4,7,0
831904,2026-03-07,1,5,0
831795,2026-03-07,1,7,0
831828,2026-03-07,0,3,0
831568,2026-03-07,3,0,1
831863,2026-03-07,4,6,0
831572,2026-03-08,3,1,1
831571,2026-03-08,9,7,1
831628,2026-03-08,0,1,0
831522,2026-03-08,7,6,1
831520,2026-03-08,9,8,1
831627,2026-03-08,5,0,1
831467,2026-03-08,2,2,0
831575,2026-03-08,10,4,1
831960,2026-03-08,13,4,1
831832,2026-03-08,7,4,1
831812,2026-03-08,11,7,1
831757,2026-03-08,5,9,0
831813,2026-03-08,7,10,0
831848,2026-03-08,5,4,1
831882,2026-03-08,4,4,0
831892,2026-03-08,14,3,1
831740,2026-03-08,6,3,1
831570,2026-03-09,7,2,1
831516,2026-03-09,10,3,1
831626,2026-03-09,4,4,0
831515,2026-03-09,5,3,1
831569,2026-03-09,9,8,1
831881,2026-03-09,2,6,0
831943,2026-03-09,7,9,0
831816,2026-03-09,0,2,0
831865,2026-03-09,12,3,1
831748,2026-03-09,2,1,1
831725,2026-03-09,1,4,0
831802,2026-03-09,3,4,0
831468,2026-03-09,9,0,1
831517,2026-03-09,3,5,0
831625,2026-03-10,2,7,0
831617,2026-03-10,7,6,1
831618,2026-03-10,5,6,0
831573,2026-03-10,2,4,0
831513,2026-03-10,7,0,1
831473,2026-03-10,6,1,1
831471,2026-03-10,5,7,0
831956,2026-03-10,4,1,1
831758,2026-03-10,4,5,0
831920,2026-03-10,8,3,1
831918,2026-03-10,11,7,1
831898,2026-03-10,1,8,0
831771,2026-03-10,2,10,0
831836,2026-03-10,4,3,1
831507,2026-03-11,7,2,1
831465,2026-03-11,3,1,1
831619,2026-03-11,2,1,1
831574,2026-03-11,5,3,1
831561,2026-03-11,1,4,0
831849,2026-03-11,9,8,1
831762,2026-03-11,2,5,0
831824,2026-03-11,4,8,0
831793,2026-03-11,6,3,1
831950,2026-03-11,3,13,0
831861,2026-03-11,7,11,0
831620,2026-03-11,8,1,1
831472,2026-03-12,3,1,1
831622,2026-03-12,8,5,1
831564,2026-03-12,8,5,1
831621,2026-03-12,3,4,0
831754,2026-03-12,7,4,1
831936,2026-03-12,7,6,1
831869,2026-03-12,2,13,0
831510,2026-03-12,2,3,0
831466,2026-03-12,5,2,1
831894,2026-03-12,9,5,1
831908,2026-03-12,3,3,0
831791,2026-03-12,1,0,1
831839,2026-03-12,1,10,0
831616,2026-03-13,7,6,1
831565,2026-03-13,11,8,1
831563,2026-03-13,7,6,1
831623,2026-03-13,6,1,1
831778,2026-03-13,9,13,0
831933,2026-03-13,4,2,1
831879,2026-03-13,5,2,1
831731,2026-03-13,4,9,0
831935,2026-03-13,4,13,0
831464,2026-03-13,3,8,0
831512,2026-03-13,5,7,0
831567,2026-03-13,5,4,1
831462,2026-03-13,0,1,0
831891,2026-03-13,1,6,0
831958,2026-03-13,5,11,0
831759,2026-03-13,1,0,1
831801,2026-03-13,7,10,0
831459,2026-03-14,1,4,0
831562,2026-03-14,8,6,1
831613,2026-03-14,6,9,0
831514,2026-03-14,4,6,0
831614,2026-03-14,1,6,0
831460,2026-03-14,7,7,0
831850,2026-03-14,12,1,1
831953,2026-03-14,7,8,0
831728,2026-03-14,4,3,1
831770,2026-03-14,22,2,1
831809,2026-03-14,7,2,1
831928,2026-03-14,4,3,1
831877,2026-03-14,8,5,1
831747,2026-03-14,6,2,1
831860,2026-03-14,8,4,1
831508,2026-03-14,8,2,1
831566,2026-03-14,10,1,1
831461,2026-03-15,6,3,1
831511,2026-03-15,6,1,1
831615,2026-03-15,7,2,1
831458,2026-03-15,0,1,0
831509,2026-03-15,1,0,1
831611,2026-03-15,1,12,0
831555,2026-03-15,8,1,1
831814,2026-03-15,8,14,0
831944,2026-03-15,12,6,1
831727,2026-03-15,5,3,1
831913,2026-03-15,10,4,1
831787,2026-03-15,7,1,1
831858,2026-03-15,6,5,1
831777,2026-03-15,4,4,0
831890,2026-03-15,6,3,1
831506,2026-03-16,5,1,1
831498,2026-03-16,13,6,1
831557,2026-03-16,11,2,1
831559,2026-03-16,4,5,0
831834,2026-03-16,3,0,1
831785,2026-03-16,9,24,0
831903,2026-03-16,11,6,1
831751,2026-03-16,3,1,1
831457,2026-03-16,6,12,0
831905,2026-03-16,3,2,1
831924,2026-03-16,2,5,0
831610,2026-03-17,1,1,0
831560,2026-03-17,2,10,0
831454,2026-03-17,1,0,1
831554,2026-03-17,2,0,1
831504,2026-03-17,4,3,1
831609,2026-03-17,2,3,0
831463,2026-03-17,5,5,0
831942,2026-03-17,6,4,1
831742,2026-03-17,6,10,0
831769,2026-03-17,6,9,0
831831,2026-03-17,8,6,1
831883,2026-03-17,6,8,0
831806,2026-03-17,4,10,0
831556,2026-03-18,4,1,1
831453,2026-03-18,3,2,1
831607,2026-03-18,1,0,1
831600,2026-03-18,2,3,0
831866,2026-03-18,6,8,0
831761,2026-03-18,5,1,1
831932,2026-03-18,16,8,1
831895,2026-03-18,7,4,1
831818,2026-03-18,3,4,0
831784,2026-03-18,7,3,1
831558,2026-03-18,3,1,1
831833,2026-03-18,12,3,1
831452,2026-03-19,5,1,1
831551,2026-03-19,8,2,1
832062,2026-03-19,5,4,1
831605,2026-03-19,11,0,1
831500,2026-03-19,2,6,0
831501,2026-03-19,5,2,1
831606,2026-03-19,4,2,1
831822,2026-03-19,3,4,0
831846,2026-03-19,6,5,1
831962,2026-03-19,4,2,1
831755,2026-03-19,4,6,0
831756,2026-03-19,11,14,0
831907,2026-03-19,13,6,1
831722,2026-03-19,11,4,1
831602,2026-03-20,2,0,1
831604,2026-03-20,1,2,0
831550,2026-03-20,4,4,0
831456,2026-03-20,3,4,0
831910,2026-03-20,4,3,1
831451,2026-03-20,8,1,1
831505,2026-03-20,4,7,0
831603,2026-03-20,3,1,1
831450,2026-03-20,3,2,1
831835,2026-03-20,5,2,1
831902,2026-03-20,6,8,0
831766,2026-03-20,4,3,1
831743,2026-03-20,8,20,0
831749,2026-03-20,6,5,1
831931,2026-03-20,6,2,1
831864,2026-03-20,3,9,0
831796,2026-03-20,8,7,1
831448,2026-03-21,3,1,1
831553,2026-03-21,8,3,1
831599,2026-03-21,3,2,1
831499,2026-03-21,10,8,1
831502,2026-03-21,1,6,0
831449,2026-03-21,7,4,1
831601,2026-03-21,3,1,1
831549,2026-03-21,5,7,0
831937,2026-03-21,5,5,0
831868,2026-03-21,6,5,1
831873,2026-03-21,10,7,1
831734,2026-03-21,5,2,1
831767,2026-03-21,6,1,1
831916,2026-03-21,11,7,1
831923,2026-03-21,1,7,0
831496,2026-03-22,2,3,0
831552,2026-03-22,3,6,0
831492,2026-03-22,7,3,1
831493,2026-03-22,6,2,1
831592,2026-03-22,14,1,1
831446,2026-03-22,4,3,1
831503,2026-03-22,8,1,1
831896,2026-03-22,8,2,1
831789,2026-03-22,12,0,1
831945,2026-03-22,6,5,1
831752,2026-03-22,2,1,1
831746,2026-03-22,2,4,0
831804,2026-03-22,5,13,0
831947,2026-03-22,1,11,0
831547,2026-03-23,0,7,0
831546,2026-03-23,0,2,0
832036,2026-03-23,6,9,0
831447,2026-03-23,2,5,0
831915,2026-03-23,10,9,1
831780,2026-03-23,15,6,1
831735,2026-03-23,10,3,1
831442,2026-03-23,2,3,0
832078,2026-03-23,9,1,1
831838,2026-03-23,3,2,1
831443,2026-03-23,9,1,1
831857,2026-03-23,6,5,1
831821,2026-03-23,7,7,0
831885,2026-03-23,0,7,0
831786,2026-03-23,10,2,1
831545,2026-03-24,3,2,1
832037,2026-03-24,15,6,1
831837,2026-03-24,4,1,1
831779,2026-03-24,3,8,0
831856,2026-03-24,8,11,0
831887,2026-03-24,5,10,0
832077,2026-03-24,4,1,1
831820,2026-03-24,0,3,0
831441,2026-03-24,6,5,1
831782,2026-03-24,8,2,1
823244,2026-03-25,0,7,0
823649,2026-03-26,11,7,1
823812,2026-03-26,14,2,1
824704,2026-03-26,4,10,0
824865,2026-03-26,2,1,1
824541,2026-03-26,0,3,0
824218,2026-03-26,0,3,0
823325,2026-03-26,2,8,0
823081,2026-03-26,9,7,1
823486,2026-03-26,5,3,1
823974,2026-03-26,8,2,1
823163,2026-03-26,4,6,0
823243,2026-03-27,0,3,0
822839,2026-03-27,3,2,1
823893,2026-03-27,2,1,1
824946,2026-03-27,6,0,1
824216,2026-03-27,2,6,0
823324,2026-03-27,2,5,0
823162,2026-03-27,5,1,1
823971,2026-03-27,5,4,1
823082,2026-03-28,6,5,1
824701,2026-03-28,10,2,1
822838,2026-03-28,8,7,1
824862,2026-03-28,1,4,0
823488,2026-03-28,4,5,0
824540,2026-03-28,6,5,1
823651,2026-03-28,4,2,1
823892,2026-03-28,4,3,1
824213,2026-03-28,11,9,1
823811,2026-03-28,6,1,1
824945,2026-03-28,6,2,1
823241,2026-03-28,1,3,0
823323,2026-03-28,3,0,1
823973,2026-03-28,3,2,1
823161,2026-03-28,5,6,0
824864,2026-03-29,8,6,1
823487,2026-03-29,3,8,0
824944,2026-03-29,1,4,0
822837,2026-03-29,5,2,1
824538,2026-03-29,3,2,1
823647,2026-03-29,3,4,0
823891,2026-03-29,4,3,1
824215,2026-03-29,9,7,1
823810,2026-03-29,9,7,1
823079,2026-03-29,7,11,0
824700,2026-03-29,3,6,0
823160,2026-03-29,8,0,1
824135,2026-03-30,3,1,1
824863,2026-03-30,2,5,0
824539,2026-03-30,2,0,1
823484,2026-03-30,2,13,0
823890,2026-03-30,4,9,0
822834,2026-03-30,5,14,0
824943,2026-03-30,4,0,1
824702,2026-03-30,7,2,1
823809,2026-03-30,2,3,0
823080,2026-03-30,2,4,0
824214,2026-03-30,8,1,1
823320,2026-03-30,2,3,0
823159,2026-03-30,2,1,1
825108,2026-03-30,9,6,1
823972,2026-03-30,2,4,0
824861,2026-03-31,5,8,0
824537,2026-03-31,3,8,0
823485,2026-03-31,3,2,1
823888,2026-03-31,9,2,1
822836,2026-03-31,5,1,1
824942,2026-03-31,2,5,0
824699,2026-03-31,0,2,0
823807,2026-03-31,6,2,1
823077,2026-03-31,3,0,1
824212,2026-03-31,9,2,1
825107,2026-03-31,7,5,1
823322,2026-03-31,3,9,0
823158,2026-03-31,0,5,0
823969,2026-03-31,4,1,1
824940,2026-04-01,5,1,1
824860,2026-04-01,8,3,1
824536,2026-04-01,3,8,0
823483,2026-04-01,6,5,1
822835,2026-04-01,1,2,0
823889,2026-04-01,10,0,1
823078,2026-04-01,2,1,1
823806,2026-04-01,8,2,1
824211,2026-04-01,6,4,1
824698,2026-04-01,6,2,1
825106,2026-04-01,1,0,1
823321,2026-04-01,7,1,1
823157,2026-04-01,3,5,0
824136,2026-04-01,13,9,1
823970,2026-04-01,1,4,0
824133,2026-04-02,1,5,0
825105,2026-04-02,2,17,0
823242,2026-04-02,7,2,1
822758,2026-04-03,6,13,0
824299,2026-04-03,4,0,1
823568,2026-04-03,8,2,1
824786,2026-04-03,5,2,1
824621,2026-04-03,5,4,1
822919,2026-04-03,3,5,0
824458,2026-04-03,4,1,1
823732,2026-04-03,10,4,1
824377,2026-04-03,1,10,0
823406,2026-04-03,5,4,1
824056,2026-04-03,1,3,0
825026,2026-04-03,11,4,1
825103,2026-04-03,0,2,0
823240,2026-04-03,3,10,0
824295,2026-04-04,11,6,1
824622,2026-04-04,6,3,1
824132,2026-04-04,2,5,0
824134,2026-04-04,8,2,1
822757,2026-04-04,5,10,0
825027,2026-04-04,0,11,0
823404,2026-04-04,3,2,1
824782,2026-04-04,2,3,0
822920,2026-04-04,0,2,0
823569,2026-04-04,9,7,1
823730,2026-04-04,1,7,0
825104,2026-04-04,2,1,1
824378,2026-04-04,1,2,0
823239,2026-04-04,0,9,0
824054,2026-04-04,1,0,1
824459,2026-04-05,0,1,0
824460,2026-04-05,6,5,1
822756,2026-04-05,6,8,0
823405,2026-04-05,8,2,1
824781,2026-04-05,6,8,0
823566,2026-04-05,6,7,0
823729,2026-04-05,1,4,0
824620,2026-04-05,3,0,1
824131,2026-04-05,5,8,0
822917,2026-04-05,1,2,0
824379,2026-04-05,4,1,1
825025,2026-04-05,12,10,1
823238,2026-04-05,2,5,0
824053,2026-04-05,8,7,1
825102,2026-04-05,6,5,1
824296,2026-04-05,3,5,0
823002,2026-04-06,6,4,1
824456,2026-04-06,2,4,0
823401,2026-04-06,0,5,0
823886,2026-04-06,0,2,0
822755,2026-04-06,9,6,1
824783,2026-04-06,6,8,0
822832,2026-04-06,2,14,0
823728,2026-04-06,7,3,1
824619,2026-04-06,1,2,0
822918,2026-04-06,2,1,1
824376,2026-04-06,9,7,1
824052,2026-04-06,6,2,1
823237,2026-04-06,4,6,0
824457,2026-04-07,2,1,1
824618,2026-04-07,2,4,0
823648,2026-04-07,4,3,1
823402,2026-04-07,7,1,1
822999,2026-04-07,2,9,0
823887,2026-04-07,3,6,0
822754,2026-04-07,6,7,0
824780,2026-04-07,3,2,1
823567,2026-04-07,5,3,1
822831,2026-04-07,1,4,0
823727,2026-04-07,4,2,1
822916,2026-04-07,3,2,1
824375,2026-04-07,5,1,1
824051,2026-04-07,2,7,0
823235,2026-04-07,6,0,1
823403,2026-04-08,2,8,0
824455,2026-04-08,10,2,1
824779,2026-04-08,5,0,1
824617,2026-04-08,3,5,0
822915,2026-04-08,3,0,1
822833,2026-04-08,4,3,1
824374,2026-04-08,9,1,1
823234,2026-04-08,5,0,1
822753,2026-04-08,1,6,0
824050,2026-04-08,2,8,0
823646,2026-04-08,2,7,0
823000,2026-04-08,2,6,0
823885,2026-04-08,7,4,1
823564,2026-04-08,2,3,0
823726,2026-04-08,8,6,1
823884,2026-04-09,1,0,1
823565,2026-04-09,0,0,0
823724,2026-04-09,0,0,0
